"Mass","MolForm","Count"
"200.805428271345",NA,"1801764.6"
"201.076812231104","C9H14O5","1253682.1"
"201.77468475925",NA,"1202386.4"
"201.802013912371",NA,"19295316"
"202.828284674746",NA,"2089340"
"203.799070094314",NA,"1286299.8"
"204.65958379529",NA,"1207986.9"
"204.791499231469",NA,"3243702"
"204.825338329813",NA,"3560631"
"205.014218786201","C10H6O5","1149499.3"
"206.541284887457",NA,"1133655.1"
"206.788549981515",NA,"2058202.6"
"206.789446351356",NA,"3350234.5"
"206.822529577084",NA,"1450843"
"206.869897198844",NA,"2885851.8"
"207.189349538335",NA,"1196063.5"
"208.786517163326",NA,"1938924.9"
"208.845231900347",NA,"2342125.3"
"208.866942508854",NA,"1841645.3"
"210.842298172441",NA,"3674865.5"
"211.097554978113","C11H16O4","2410481.3"
"211.467032591392",NA,"1173232.8"
"212.839342256102",NA,"1541740.8"
"212.886845377813",NA,"4178668.5"
"213.015277479573","C7H6O6N2","1226348"
"213.076821569167","C10H14O5","1294571.8"
"213.275217787679",NA,"1133163"
"214.883895382543",NA,"3950307.5"
"215.05607855856","C9H12O6","1444962.6"
"215.092472606394","C10H16O5","1641058.4"
"215.128844637363","C11H20O4","1157986.3"
"216.034065959159",NA,"1183198"
"216.124095214762","C10H19O4N","1350877.6"
"217.839975765374",NA,"2554071.8"
"218.384265970164",NA,"1210966.8"
"218.646930411221",NA,"1188886.6"
"219.837029908195",NA,"1644503.6"
"220.797702392374",NA,"1151707.4"
"221.045519148712","C11H10O5","1162844.9"
"221.081891220993","C12H14O4","5723869"
"222.09020962229",NA,"2420709.5"
"222.794805598493",NA,"1232366"
"222.842244815288",NA,"6208750.5"
"222.886466351735",NA,"1172335.3"
"222.950238026828",NA,"1545456.1"
"223.061152325181","C11H12O5","1226737.8"
"224.839290613273",NA,"4401940"
"225.040449425761","C10H10O6","1383193"
"225.065945666653",NA,"1174105.6"
"225.076819499069","C11H14O5","1355034"
"227.092465961673","C11H16O5","2439258"
"228.582127068437",NA,"1151707.6"
"229.071741258755","C10H14O6","1229108.9"
"230.021346944243",NA,"1222635.6"
"231.087383471431","C10H16O6","1458738.4"
"232.095220427924",NA,"1266943.1"
"232.307929963737",NA,"1211984.5"
"233.154684480267","C15H22O2","4026074.3"
"234.868810643857",NA,"1237252.3"
"235.061187254299","C12H12O5","1226265.1"
"235.090923874",NA,"1161500.3"
"236.105543149638",NA,"1341455.6"
"236.965896893828",NA,"5521528.5"
"237.04044214943","C11H10O6","1521025.9"
"237.076835148844","C12H14O5","1215366.5"
"237.089878681132",NA,"1223944.1"
"238.962964376598","C13H4OS2","1380740.3"
"239.019722068048","C10H8O7","1200012.3"
"239.056111749827","C11H12O6","1605009.5"
"239.067335160005","C10H12O5N2","1728915.1"
"239.092497043343","C12H16O5","1635222.8"
"239.128875334313","C13H20O4","5362076"
"239.165257144449","C14H24O3","1646497.1"
"239.499865163491",NA,"1165265.8"
"239.760388253115",NA,"2671096.3"
"241.071742177286","C11H14O6","1779394"
"241.136462002825",NA,"21557964"
"241.144500716867","C13H22O4","2861773.5"
"241.674362345864",NA,"1195939.1"
"241.757451400266",NA,"3276592.8"
"241.758342075002",NA,"2517809"
"242.139774985264","C12H21O4N","4043632"
"242.176146484794","C13H25O3N","4542326"
"243.051022355256","C10H12O7","1241867.1"
"243.087381596419","C11H16O6","2035985.5"
"243.133514748991",NA,"7569433.5"
"243.67903588787",NA,"1191929.5"
"243.754523804255",NA,"1180551"
"243.755390487252",NA,"2386567"
"245.103064150889","C11H18O6","2853758"
"245.824607597911",NA,"1588743"
"246.134683049119","C11H21O5N","1173187"
"247.074263164443",NA,"5008124.5"
"247.821646620676",NA,"1788563.9"
"249.071290403713",NA,"1378456.5"
"249.113222395913","C14H18O4","1698977.4"
"250.312510022719",NA,"1179044.3"
"250.981556004188",NA,"5177912"
"251.019733178809","C11H8O7","1546048.5"
"251.056098647611","C12H12O6","2040904.6"
"251.128903530196","C14H20O4","1177048.9"
"251.164180101544","C9H25O2N4P","1191648.8"
"252.187222668353",NA,"1157192.3"
"252.978589348877",NA,"1857278.9"
"253.035398330868","C11H10O7","1610252.1"
"253.07177564068","C12H14O6","2449940.5"
"253.108134502222","C13H18O5","1440285"
"253.144533727518","C14H22O4","3494949.5"
"255.05104328059","C11H12O7","1891819"
"255.087416289284","C12H16O6","1992179.9"
"255.123777597574","C13H20O5","2105596.8"
"257.030303985754","C10H10O8","1190866.3"
"257.066676545624","C11H14O7","1198811.4"
"257.103052133468","C12H18O6","1453284.5"
"257.1394516025","C13H22O5","1310701.6"
"257.8112953009",NA,"1376022.8"
"259.082340544151","C11H16O7","1213787.1"
"259.808186686842",NA,"1271446.9"
"260.786923407679",NA,"3933590.8"
"260.955982909584",NA,"1691843.1"
"262.784003123736",NA,"6165929"
"262.845592460606",NA,"1201337.5"
"263.056132940273","C13H12O6","1630962"
"263.092481519202","C14H16O5","1268475.8"
"263.105583831895",NA,"1356543.3"
"263.128907990626","C15H20O4","1774085.5"
"264.781063778268",NA,"4764613"
"264.828568382278",NA,"2562002"
"264.997214091505",NA,"1583103.9"
"265.035393776946","C12H10O7","1680138.4"
"265.071785513532","C13H14O6","2270740.3"
"265.108154498567","C14H18O5","2356254.3"
"265.14456916845","C15H22O4","1545000.1"
"265.147915100731","C12H26O4S","6333481"
"266.030626613158","C11H9O7N","1214107"
"266.778120114545",NA,"1834472.8"
"266.803909172978",NA,"8057328"
"266.825604330936",NA,"2410998"
"267.014682894431","C11H8O8","2123306"
"267.051033627254","C12H12O7","2194996.3"
"267.087429901814","C13H16O6","3043902.3"
"267.123804993238","C14H20O5","2845256.3"
"267.160184836228","C15H24O4","1521234.4"
"268.800932281995",NA,"13982746"
"269.030320464797","C11H10O8","1802585.8"
"269.066680226556","C12H14O7","2899044"
"269.103062655042","C13H18O6","2932846"
"269.139465701647","C14H22O5","3910776.3"
"270.797990731469",NA,"8247880"
"270.845479165839",NA,"3981909"
"271.045973703127","C11H12O8","1982605.3"
"271.082321223397","C12H16O7","2842775.5"
"271.118717995517","C13H20O6","2070177.6"
"272.795062906365",NA,"2902135.8"
"272.842540559291",NA,"4388997"
"273.040477963041","C14H10O6","1194044.8"
"273.06159098055","C11H14O8","1585858.6"
"273.097987931448","C12H18O7","2139853"
"274.839582557494",NA,"1454517.5"
"274.887091114554",NA,"1486018.9"
"274.971661025153",NA,"2610394.5"
"275.019742543023","C13H8O7","1238120"
"275.056115491475","C14H12O6","1299442.1"
"275.105561083732",NA,"1849088"
"275.798638490145",NA,"1241538.1"
"277.035415729716","C13H10O7","1818395.6"
"277.071789186457","C14H14O6","1660453.8"
"277.10815443984","C15H18O5","2372399.8"
"277.121233258369",NA,"1199923.5"
"277.144537708334","C16H22O4","1208890"
"278.152854764156",NA,"4264018.5"
"278.75631489698",NA,"1393913.8"
"278.848512755807",NA,"1361939.3"
"279.051051611365","C13H12O7","2469451.3"
"279.087453906033","C14H16O6","2898261.3"
"279.100469732266",NA,"1761369"
"279.123822052118","C15H20O5","3803999.5"
"279.160186048494","C16H24O4","1665641.4"
"279.309839992885",NA,"1224274.8"
"280.149910792462",NA,"1766522.1"
"280.8008749857",NA,"2656044.5"
"281.030333886843","C12H10O8","2437483.3"
"281.066682931894","C13H14O7","3177845.3"
"281.10305017281","C14H18O6","4729215"
"281.116160247274",NA,"2801026.8"
"281.139459654448","C15H22O5","3708297"
"282.777819009776",NA,"1218885.5"
"282.797927100166",NA,"2301770.8"
"282.917059275895",NA,"2264939"
"283.045955365757","C12H12O8","2387341.5"
"283.082316875284","C13H16O7","4317079.5"
"283.118714959842","C14H20O6","3897761.3"
"283.140980887467",NA,"1420967.1"
"283.155130920188","C15H24O5","1271979"
"284.077620818694","C12H15O7N","1384609.6"
"284.774906161495",NA,"2799962.5"
"284.794955849411",NA,"1435231.9"
"284.842496980593",NA,"1350764.5"
"285.025227981443","C11H10O9","1314460.6"
"285.061635696093","C12H14O8","3100582.3"
"285.089936281938",NA,"1466797.8"
"285.09803056749","C13H18O7","4142511.8"
"285.134394832222","C14H22O6","2162105.5"
"286.714681430261",NA,"1301846"
"286.771977959269",NA,"2119012.8"
"287.056135069265","C15H12O6","1228462.1"
"287.077253696635","C12H16O8","2320307.5"
"287.105569340796",NA,"2094010.9"
"287.113628200723","C13H20O7","1466557"
"287.14194203878",NA,"2262468.3"
"287.150015049485","C14H24O6","1596102.4"
"288.987311516554",NA,"1596827"
"289.071770415471","C15H14O6","1786800.4"
"289.084846059896",NA,"1260979.6"
"289.092907549771","C12H18O8","1655989.8"
"289.108148888341","C16H18O5","2394553.5"
"289.121221809771",NA,"8565181"
"291.014675873409","C13H8O8","1366678"
"291.0510415556","C14H12O7","1994143"
"291.064117444898",NA,"1625250.3"
"291.087413177067","C15H16O6","3028904"
"291.100497635066",NA,"1340075.3"
"291.118264412726",NA,"3144111.8"
"291.123796551663","C16H20O5","2442161"
"291.209646624592",NA,"24646598"
"292.212977554531","C14H31O5N","4503741"
"292.767309744249",NA,"1231940.3"
"293.030335661258","C13H10O8","2389380.3"
"293.066709922271","C14H14O7","3689357"
"293.079757811136",NA,"1267088.1"
"293.103079315736","C15H18O6","6350230"
"293.116134863378",NA,"1285785"
"293.13945639793","C16H22O5","1941662.6"
"293.175794198532","C17H26O4","19633576"
"293.1791920007","C14H30O4S","2145704.3"
"293.20669308101",NA,"8103343"
"294.210077318657",NA,"1834145.1"
"294.212945245678",NA,"1240737.8"
"295.00954957371","C12H8O9","1378656.5"
"295.045944413688","C13H12O8","2898793"
"295.082337635804","C14H16O7","5622642"
"295.095449840021",NA,"1229428.9"
"295.118721297612","C15H20O6","8300410.5"
"295.1550986404","C16H24O5","3851139"
"296.089819681276","C13H19ON3S2","1222496.9"
"296.932676586373",NA,"3638567.5"
"297.025236963983","C12H10O9","2093629.1"
"297.061626229668","C13H14O8","4589893.5"
"297.098015356929","C14H18O7","7571790"
"297.134406276387","C15H22O6","6715734.5"
"297.152984377702","C16H26O3S","23132508"
"297.170793745031","C16H26O5","1399647.3"
"298.12964486335","C14H21O6N","2846783"
"298.92972185163",NA,"1644536.4"
"299.040889377576","C12H12O9","2822418"
"299.069164648678",NA,"1214744.6"
"299.077261620915","C13H16O8","3924762.5"
"299.105560365849",NA,"2052385"
"299.113645501319","C14H20O7","5503779"
"299.150024325261","C15H24O6","2405675.3"
"300.10890490694","C13H19O7N","1229319.6"
"300.927563931295",NA,"1672386.8"
"301.05654882485","C12H14O9","1867744"
"301.071792030477","C16H14O6","1295331.5"
"301.084841987146",NA,"1553638.5"
"301.092931991207","C13H18O8","3302632.3"
"301.121226356045",NA,"3027182.8"
"301.129317955749","C14H22O7","1583600.6"
"303.051043330177","C15H12O7","1606051"
"303.064076394259",NA,"1709733.9"
"303.087439499483","C16H16O6","2455211"
"303.100472427435",NA,"2781870"
"303.123824913066","C17H20O5","2166451.3"
"303.136867770799",NA,"3996342.3"
"304.881879389364",NA,"1456700"
"305.03031566322","C14H10O8","2186333"
"305.066687709412","C15H14O7","2977381"
"305.079783153014",NA,"2243688"
"305.103085175859","C16H18O6","3797101.3"
"305.116173953422",NA,"2933360"
"305.133933782157",NA,"1601140"
"305.139466232343","C17H22O5","2311797.3"
"305.152563140368",NA,"2544760.3"
"305.188937345443",NA,"1674368.3"
"306.879806870267",NA,"3172853.8"
"307.045977855849","C14H12O8","3114010.3"
"307.082373685503","C15H16O7","4683298.5"
"307.095411094697",NA,"2506789.3"
"307.118757248811","C16H20O6","5516842.5"
"307.131788529172",NA,"1262893.3"
"307.155134214179","C17H24O5","1656882.4"
"308.877767880056",NA,"1759403.5"
"309.025246881465","C13H10O9","2443211.5"
"309.061603623504","C14H14O8","4186067.5"
"309.097977343106","C15H18O7","9581531"
"309.134364930535","C16H22O6","5943267.5"
"309.170764651242","C17H26O5","2960875.3"
"310.093220645364","C14H17O7N","1309620"
"310.948356523947",NA,"2548077.3"
"311.040899145065","C13H12O9","3517825.5"
"311.077265930981","C14H16O8","5951881.5"
"311.113635157265","C15H20O7","10884497"
"311.150019506707","C16H24O6","5618073"
"311.168615727879","C17H28O3S","33965468"
"313.020137863516","C12H10O10","1259564.6"
"313.056539757717","C13H14O9","3605300.5"
"313.084840795346",NA,"1621562.5"
"313.092924463638","C14H18O8","7544636.5"
"313.129301429256","C15H22O7","7328580"
"313.164470909559",NA,"2080075.6"
"314.943265525624",NA,"5382346"
"315.051039677731","C16H12O7","1448928.9"
"315.072179149053","C13H16O9","3552485.5"
"315.087399359752","C17H16O6","1503720.8"
"315.100498870109",NA,"4239595.5"
"315.108575494541","C14H20O8","4283629"
"315.123805165676","C18H20O5","1737968.5"
"315.144955925546","C15H24O7","2388213"
"315.181330748891","C16H28O6","1406716.8"
"316.241261816295",NA,"8395232"
"316.940292334599",NA,"1489269.5"
"317.030338163594","C15H10O8","1751176.9"
"317.051423274817","C12H14O10","1397645.4"
"317.066693575391","C16H14O7","1872528.6"
"317.079779576854",NA,"2810515.5"
"317.087815685644","C13H18O9","1718421.1"
"317.097530014715",NA,"1415063.3"
"317.103058770455","C17H18O6","2950808.5"
"317.116147764723",NA,"5333659"
"317.124226997307","C14H22O8","1577372.9"
"317.139455174447","C18H22O5","1608352.1"
"317.225305993876",NA,"3062962.5"
"317.244645410922","C16H34O4N2","2124214.8"
"318.238315715887",NA,"2855819.3"
"318.745581803872",NA,"2078455.6"
"319.046006900779","C15H12O8","2658872"
"319.059022692084",NA,"1839674.8"
"319.082362439064","C16H16O7","3756095.8"
"319.095433254339",NA,"4090946.5"
"319.113183975962",NA,"1972806.3"
"319.118715774677","C17H20O6","5442631.5"
"319.131801038276",NA,"3932234.3"
"319.155101519345","C18H24O5","2714703.3"
"319.240923986809",NA,"31140962"
"320.244299877843","C16H35O5N","6195512"
"320.74264142458",NA,"4789667"
"321.025231328299","C14H10O9","2053343.4"
"321.061640622929","C15H14O8","4475367"
"321.074681658973",NA,"1791465.9"
"321.098028510091","C16H18O7","8310255"
"321.111089979878",NA,"2257905.8"
"321.128857545434",NA,"1341685.5"
"321.134394919703","C17H22O6","6477302.5"
"321.147482864361",NA,"2426873.5"
"321.238001560796",NA,"9238029"
"322.09326686062","C15H17O7N","1781188.1"
"322.241376016987",NA,"1637859.9"
"322.739681747237",NA,"3340622.8"
"322.787198856787",NA,"2116441"
"322.796445377626",NA,"1349978.9"
"323.040854245147","C14H12O9","4246415.5"
"323.07725272174","C15H16O8","7227287"
"323.113672623555","C16H20O7","13309855"
"323.150046167903","C17H24O6","4977575"
"323.199506985058",NA,"1352113.4"
"324.10887103294","C15H19O7N","1639540.9"
"324.762530707378",NA,"1948417.5"
"324.784221456455",NA,"2195206.3"
"324.793522937967",NA,"1829128.3"
"325.056542547277","C14H14O9","5262657"
"325.092892641352","C15H18O8","11381065"
"325.129299586966","C16H22O7","9566545"
"325.165700352742","C17H26O6","3225432.5"
"325.184243810665","C18H30O3S","23298396"
"326.088165624723","C14H17O8N","1461535.6"
"326.096452842745",NA,"1662753.4"
"326.75960042302",NA,"4383409"
"327.035782036293","C13H12O10","2217708.8"
"327.064137779429",NA,"1404914.9"
"327.072201801568","C14H16O9","6182644.5"
"327.087437153792","C18H16O6","1611512"
"327.100500404465",NA,"1849082.8"
"327.108583058337","C15H20O8","10431229"
"327.136894711788",NA,"1825794.6"
"327.144949191525","C16H24O7","4207364.5"
"327.180150379648","C11H29O5N4P","1657612"
"328.756634376056",NA,"3230819"
"328.804146469238",NA,"2800749.5"
"328.958934435593",NA,"10415247"
"329.051472175723","C13H14O10","3034275.5"
"329.066731940488","C17H14O7","1587366.8"
"329.0797495151",NA,"3264169.5"
"329.087807542561","C14H18O9","5345451.5"
"329.103090469704","C18H18O6","1425326.8"
"329.106433178886","C15H22O6S","1470639.5"
"329.116170024331",NA,"2261681.5"
"329.124216315255","C15H22O8","5693619.5"
"329.152419019769","C16H27O5P","52753592"
"329.95846173539",NA,"1622378"
"330.220535437295",NA,"1263267.5"
"330.801178057805",NA,"4878883"
"330.955897539989",NA,"3923525.3"
"331.045994119259","C16H12O8","1466969.1"
"331.059024402688",NA,"1944412"
"331.067068803276","C13H16O10","2141789.8"
"331.076809420005",NA,"1714015.9"
"331.082360830619","C17H16O7","2597985"
"331.095441015911",NA,"8033892"
"331.103499758489","C14H20O9","2346085.8"
"331.113212901495",NA,"1256295.9"
"331.118727452751","C18H20O6","3989097.3"
"331.131806342579",NA,"5879404"
"331.139900225658","C15H24O8","1984621.8"
"331.14957285088",NA,"17856112"
"331.155165965795","C19H24O5","2342513.3"
"332.09874679384","C13H19O9N","1539137.8"
"332.152944807712",NA,"2875213.8"
"332.236181396478",NA,"3639648.3"
"332.798249830349",NA,"2288605"
"332.845722025714",NA,"1635559.6"
"333.025270164749","C15H10O9","1840143.6"
"333.06165116149","C16H14O8","3664407.8"
"333.074722620819",NA,"4076570.8"
"333.092469799336",NA,"2506270.5"
"333.09800742641","C17H18O7","6347808"
"333.111080119525",NA,"6699043"
"333.128892800627",NA,"2039334.8"
"333.134413115473","C18H22O6","6463528"
"333.147441745125",NA,"2369578.8"
"333.170794319847","C19H26O5","2638384"
"333.220204635226",NA,"3296315"
"334.093276944312","C16H17O7N","1425406.3"
"334.233255505877",NA,"1446941.6"
"334.717885465569",NA,"1421194.5"
"335.040909291257","C15H12O9","3728851.3"
"335.071726448534",NA,"1357786.3"
"335.077259721929","C16H16O8","6600155.5"
"335.090342154639",NA,"4003294.5"
"335.108087498804",NA,"2279394.5"
"335.113606676712","C17H20O7","13267428"
"335.12669692989",NA,"3402726.5"
"335.150041977964","C18H24O6","7381484"
"335.186424530482","C19H28O5","1970676.1"
"335.235803231074","C17H37O4P","1854463.3"
"336.072557130359","C15H15O8N","1336764.6"
"336.108914353305","C16H19O7N","1521348.9"
"336.7149538042",NA,"1729358.8"
"336.716786796546",NA,"1271887.1"
"336.8121792569",NA,"3634021"
"337.020141465025","C14H10O10","2219924.5"
"337.056485229366","C15H14O9","6172572.5"
"337.087389083377",NA,"1630371.6"
"337.09291759457","C16H18O8","14551973"
"337.10419039498","C15H18O7N2","1569191.5"
"337.105959166393",NA,"2060200"
"337.121249212176",NA,"1631403.5"
"337.123728900637",NA,"1953196.1"
"337.129286551656","C17H22O7","16956334"
"337.142372238587",NA,"1565104.4"
"337.16568665714","C18H26O6","4832181.5"
"338.051839635801","C14H13O9N","1416320.9"
"338.088179786175","C15H17O8N","1786505.3"
"338.124576584806","C16H21O7N","1359505.6"
"338.711988886323",NA,"1989401.3"
"338.715365292538",NA,"1830682"
"338.809223265995",NA,"4227375.5"
"338.887326415192",NA,"1779009.8"
"339.035799566481","C14H12O10","3618148.3"
"339.07217261312","C15H16O9","9176429"
"339.10058648873",NA,"1870707.3"
"339.108545290755","C16H20O8","18574710"
"339.136958245418",NA,"1567611.6"
"339.144981608988","C17H24O7","10607997"
"339.181353327044","C18H28O6","1611397.9"
"339.199992911194","C19H32O3S","4664714.5"
"339.809315479442",NA,"1320216"
"340.067479238147","C14H15O9N","1589844.3"
"340.103814711734","C15H19O8N","2100828.8"
"340.712463099257",NA,"1415659.4"
"340.806271678345",NA,"2182913.3"
"340.885305050151",NA,"2613524"
"341.051462129525","C14H14O10","5628731"
"341.07980691578",NA,"2217793.8"
"341.087810858061","C15H18O9","12701508"
"341.1162206083",NA,"4260682"
"341.124250005813","C16H22O8","12502860"
"341.160617340733","C17H26O7","4638548.5"
"342.11949259966","C15H21O8N","1695799.3"
"342.883239963998",NA,"1793773"
"342.97451479776",NA,"10967299"
"343.045957939846","C17H12O8","1521171.8"
"343.059052138796",NA,"2132247"
"343.067113018047","C14H16O10","5756185"
"343.082392503472","C18H16O7","2253596.5"
"343.095433156786",NA,"6449439.5"
"343.103468514525","C15H20O9","8251681.5"
"343.113228288647",NA,"1386019.9"
"343.118742218979","C19H20O6","2358565.3"
"343.131849594888",NA,"4105512.3"
"343.139907477666","C16H24O8","4667690"
"343.155138644177","C20H24O5","1912109.9"
"343.168180809408",NA,"2196273"
"343.176263067101","C17H28O7","1451314.9"
"343.994883438352",NA,"2397175"
"344.098760561342","C14H19O9N","1566992"
"344.135043677909","C15H23O8N","1299352.8"
"344.673482668392",NA,"1325722.5"
"344.759047794407",NA,"1701551.1"
"344.971541694699",NA,"3581666.5"
"345.025249071272","C16H10O9","1600239.6"
"345.046332716992","C13H14O11","1415156.6"
"345.061625378888","C17H14O8","2185464.5"
"345.074708022322",NA,"5317371.5"
"345.082767368268","C14H18O10","3095293.5"
"345.092476209771",NA,"2250495.8"
"345.098008885073","C18H18O7","3457793.3"
"345.101339874439","C15H22O7S","1642754"
"345.111056380929",NA,"7328516.5"
"345.119137314791","C15H22O9","3340550.3"
"345.12888533936",NA,"1783048.6"
"345.13442878158","C19H22O6","4413194"
"345.147483716432",NA,"7334669"
"345.170772047535","C20H26O5","2694930.8"
"346.114364418656","C14H21O9N","1655288.1"
"346.150760611056","C15H25O8N","1642241"
"346.215429448331","C17H34O4NP","3173392.8"
"346.67031918685",NA,"1721472"
"346.757003637785",NA,"2602133.3"
"346.775110780734",NA,"1749913.6"
"347.040875562419","C16H12O9","2559706.8"
"347.071722084267",NA,"1920482.4"
"347.077256368332","C17H16O8","4266211.5"
"347.090300178128","C14H21O8P","8572135"
"347.108121090211",NA,"2288363.3"
"347.113682092932","C18H20O7","9198829"
"347.117003606022","C15H24O7S","1648877.5"
"347.126741878305",NA,"6485232"
"347.144500616271",NA,"2493684.3"
"347.150026235923","C19H24O6","6896885.5"
"347.186469467938","C20H28O5","3156734.5"
"347.27251140008",NA,"1343251.6"
"348.036135594711","C15H11O9N","1332175.8"
"348.212483420816",NA,"1548795.4"
"348.231087006055","C17H36O4NP","3394048"
"349.0201636208","C15H10O10","2287299.8"
"349.056469267904","C16H14O9","4347596.5"
"349.069583640476",NA,"3403472"
"349.087381700831",NA,"2843860.3"
"349.092920896242","C17H18O8","9623254"
"349.105929114362","C14H23O8P","6495961"
"349.12930303922","C18H22O7","14841567"
"349.142386189151",NA,"3947234"
"349.165679298959","C19H26O6","6813416"
"349.202104863918","C20H30O5","1650416.9"
"349.215126638085",NA,"1551860.1"
"350.088184446842","C16H17O8N","1756878"
"350.12459239384","C17H21O7N","1502935.1"
"350.228167292497",NA,"1701361"
"350.246763616086",NA,"6387701.5"
"351.035787062248","C15H12O10","4201660"
"351.052116920542","C9H21O10SP","1406655.9"
"351.072150062238","C16H16O9","7956677"
"351.085241113308",NA,"2190536.3"
"351.108511498955","C17H20O8","20015310"
"351.121580968649","C14H25O8P","2790609.5"
"351.134470327341","C12H24O6N4S","2318548.8"
"351.136902447572",NA,"1617109.3"
"351.144977537089","C18H24O7","13773015"
"351.18130759032","C19H28O6","2791648.5"
"351.250093449234","C16H36O6N2","1447921.9"
"352.103820592537","C16H19O8N","2463689.5"
"352.243825199236",NA,"1940973.1"
"353.051475277869","C15H14O10","5120698.5"
"353.079824845272",NA,"1884865.8"
"353.087816567196","C16H18O9","14629572"
"353.099314761458",NA,"1531846.8"
"353.116205736878",NA,"2839243"
"353.124232997007","C17H22O8","20814542"
"353.137267662536",NA,"1626320.4"
"353.152543196831",NA,"2494676.3"
"353.160562899562","C18H26O7","6522582.5"
"353.197003375699","C19H30O6","1556447.6"
"354.083070365947","C15H17O9N","2162114.3"
"354.119489323637","C16H21O8N","2558923.8"
"355.03069810671","C14H12O11","2860214"
"355.067116238838","C15H16O10","8490175"
"355.08241707106","C19H16O7","1302979.4"
"355.095462971947",NA,"4288710.5"
"355.103469885317","C16H20O9","16751817"
"355.131859249672",NA,"4105424"
"355.139908641116","C17H24O8","10439890"
"355.168207871942",NA,"2074841.5"
"355.176247614669","C18H28O7","2483419.5"
"356.062358647882","C14H15O10N","1396672.9"
"356.098769340618","C15H19O9N","2211786.3"
"356.135308773332",NA,"1431251.9"
"356.171518150626","C17H27O7N","1680861.3"
"356.990193681749",NA,"4849330.5"
"357.025198619833","C17H10O9","1329851.4"
"357.04632302082","C14H14O11","4208321"
"357.061635976004","C18H14O8","1676229"
"357.074704650259",NA,"4973256.5"
"357.082722848725","C15H18O10","8578762"
"357.085855216787","C12H22O10S","1485003.3"
"357.092445880198",NA,"1919693"
"357.097976111424","C19H18O7","1769678.5"
"357.111035265011","C16H23O7P","9920210"
"357.119109695895","C16H22O9","8697556"
"357.128883026325",NA,"1415126.5"
"357.134414026401","C20H22O6","1584856"
"357.147458971899",NA,"4277979.5"
"357.155499195115","C17H26O8","3084509.5"
"357.183814768569",NA,"2193124.8"
"358.077999000866","C14H17O10N","1758671"
"358.150710274811","C16H25O8N","1338850"
"358.987191191257",NA,"1528254.1"
"359.04092522115","C17H12O9","1934540.4"
"359.053961569254",NA,"2152143.8"
"359.061995903434","C14H16O11","3466450"
"359.071720631296",NA,"1948628.5"
"359.077285002086","C18H16O8","2676438"
"359.08062072287","C15H20O8S","1411798.9"
"359.090361481719",NA,"10606809"
"359.098423943042","C15H20O10","3827931.5"
"359.108152455044",NA,"3034334"
"359.126696473672",NA,"8667363"
"359.134745197293","C16H24O9","2781925.3"
"359.150021341426","C20H24O6","4910313"
"359.163111554697",NA,"3035884.5"
"360.093677958432","C14H19O10N","2102755"
"360.129948856537","C15H23O9N","1820140.6"
"360.894366502595",NA,"2026680"
"361.020147511555","C16H10O10","1821657.5"
"361.056504956766","C17H14O9","3713763.3"
"361.069537978028","C14H19O9P","5282534.5"
"361.077621008793","C14H18O11","1622248.9"
"361.087361940983",NA,"3275499.5"
"361.092931152512","C18H18O8","6186733"
"361.096270757706","C15H22O8S","1451245.8"
"361.105983857272",NA,"9863920"
"361.123743884034",NA,"3166453"
"361.129285889334","C19H22O7","10035959"
"361.142331731949","C16H27O7P","8790778"
"361.165704582763","C20H26O6","6031104.5"
"362.088161108504","C17H17O8N","1546743.1"
"362.109333581961","C14H21O10N","1917436.9"
"363.035788085919","C16H12O10","3696886"
"363.072212222922","C17H16O9","6052096"
"363.085257868714",NA,"6082819.5"
"363.102976141119",NA,"2896648"
"363.108538996401","C18H20O8","14570762"
"363.121593180283","C15H25O8P","5319949"
"363.14497855039","C19H24O7","13956371"
"363.158009831363",NA,"3080983"
"363.181289224907","C20H28O6","5486877"
"364.103829189414","C17H19O8N","1967638.8"
"364.225980392031","C17H36O5NP","7913016"
"365.015069011666","C15H10O11","1510158.1"
"365.051377573655","C16H14O10","5415704"
"365.064456934365","C13H19O10P","1974555.6"
"365.08783818949","C17H18O9","12756770"
"365.100866923555","C14H23O9P","4191013.5"
"365.116141888114",NA,"2215209.8"
"365.124172738203","C18H22O8","22050604"
"365.137244034799","C15H27O8P","2907439.5"
"365.152594251962",NA,"2112819.8"
"365.160643774809","C19H26O7","10329910"
"365.19696227984","C20H30O6","3115839.8"
"365.246456083747",NA,"2137421.3"
"366.083091158408","C16H17O9N","1907249.9"
"366.119462885865","C17H21O8N","2281531.8"
"366.223116348924",NA,"2904664.3"
"367.030686497732","C15H12O11","3642677.8"
"367.067109401193","C16H16O10","9429312"
"367.095417495334",NA,"3240263.8"
"367.103461330246","C17H20O9","22423882"
"367.116526351949","C14H25O9P","1524301.5"
"367.131858756788",NA,"4719953.5"
"367.139919499101","C18H24O8","17987924"
"367.15293829915",NA,"1316695.4"
"367.16818848291",NA,"4307291.5"
"367.176215815618","C19H28O7","5180766"
"367.99837514944","C16H7O6N3S","1979456.5"
"368.062395055539","C15H15O10N","1542994.3"
"368.098709747909","C16H19O9N","2583644.3"
"368.135133101301","C17H23O8N","1984102.4"
"369.046318108553","C15H14O11","6427491"
"369.074698295649",NA,"3782506.8"
"369.082744315164","C16H18O10","13527917"
"369.111038977144","C17H23O7P","7719797"
"369.119063142468","C17H22O9","18590584"
"369.128855642411",NA,"1449849.9"
"369.147473648919",NA,"6804351"
"369.155519443351","C18H26O8","7824257"
"369.183796884523","C19H31O5P","3994505"
"369.191839820069","C19H30O7","1645963.3"
"370.077969206581","C15H17O10N","2001538.1"
"370.15073411648","C17H25O8N","2124950.5"
"371.040880247598","C18H12O9","1599375.3"
"371.053967667992",NA,"2214803"
"371.062010244915","C15H16O11","6825365.5"
"371.071763331437",NA,"1374872"
"371.090298092236","C16H21O8P","10837405"
"371.098340794384","C16H20O10","11042207"
"371.108153868728",NA,"2837922.3"
"371.113655781142","C20H20O7","2081699.8"
"371.126728736373",NA,"12778919"
"371.134791759991","C17H24O9","7728553.5"
"371.144576203359",NA,"2303916.3"
"371.150029736021","C21H24O6","1540525.9"
"371.16309649261",NA,"6131121.5"
"371.171133954444","C18H28O8","2071475.9"
"371.180872275276",NA,"1433014.6"
"371.199498792931",NA,"2294715.8"
"372.042652247966","C13H16O6N3SP","1326632.8"
"372.057455857326",NA,"1475244.9"
"372.130007587161","C16H23O9N","2328769.3"
"372.16639731047","C17H27O8N","1427147.5"
"372.303823387683","C21H44O2NP","4431602.5"
"373.041240671291","C14H14O12","1994178.5"
"373.056548166934","C18H14O9","2276806.8"
"373.069648483248",NA,"7088074.5"
"373.077688648109","C15H18O11","4750285"
"373.087418682192",NA,"3576271.5"
"373.092940022655","C19H18O8","3783633"
"373.105958333128","C16H23O8P","18284500"
"373.1140107895","C16H22O10","4569047"
"373.123783155855",NA,"3811289.8"
"373.142402317457",NA,"9988063"
"373.150471064064","C17H26O9","2403809.3"
"373.160203453445",NA,"2325476"
"373.165731809085","C21H26O6","2333157.8"
"373.178761283483",NA,"3780585.5"
"374.145652687578","C16H25O9N","2537211.5"
"374.300926871551",NA,"1397799.6"
"374.909976585902",NA,"6197717"
"375.035841644041","C17H12O10","2821625"
"375.048920220528",NA,"2015228.8"
"375.066655003101",NA,"2251265.8"
"375.072197335487","C18H16O9","4136451.3"
"375.085222069916","C15H21O9P","10772999"
"375.09327452934","C15H20O11","2030601.4"
"375.103005717316",NA,"5210636"
"375.121640391006",NA,"12177937"
"375.139426104704",NA,"3571734.5"
"375.144944213129","C20H24O7","10697240"
"375.157984245737","C17H29O7P","4558364"
"375.175752909494",NA,"1585440.9"
"375.181289210687","C21H28O6","2481186.5"
"376.111916347086",NA,"1731884.6"
"376.12493348449","C15H23O10N","2329392.3"
"376.907021492031",NA,"2794000.8"
"377.015048602447","C16H10O11","1364528"
"377.051453813661","C17H14O10","4961338.5"
"377.064506757277",NA,"3153982.3"
"377.08225811275",NA,"3589187.3"
"377.087795158357","C18H18O9","9239621"
"377.100823001467","C15H23O9P","9479241"
"377.118617114096",NA,"4130893.8"
"377.124191455153","C19H22O8","19326032"
"377.137260770138","C16H27O8P","5275731"
"377.160610239461","C20H26O7","12498010"
"377.173594547861","C17H31O7P","2060381.5"
"377.196923346121","C21H30O6","1719908.3"
"378.046916201593",NA,"1402457.4"
"378.083107327026","C17H17O9N","2202979.8"
"378.119436109688","C18H21O8N","2166126.3"
"378.701229912109",NA,"1824278.5"
"379.030722086921","C16H12O11","4146806"
"379.067029527141","C17H16O10","7931520.5"
"379.080068945465","C14H21O10P","3715716.5"
"379.103464537914","C18H20O9","20731532"
"379.116522884368","C15H25O9P","3967631"
"379.131884972552",NA,"3440275.5"
"379.139840159544","C19H24O8","23815830"
"379.152858840776","C16H29O8P","2691737.5"
"379.176234346971","C20H28O7","8793760"
"380.098708383458","C17H19O9N","2940844.5"
"380.135097439088","C18H23O8N","2130359"
"380.698299105824",NA,"1799259.3"
"381.046350197521","C16H14O11","6205633"
"381.074711674093",NA,"1849033.3"
"381.082661928526","C17H18O10","15321292"
"381.093973798523","C16H18O9N2","1442254.8"
"381.11110487955",NA,"5875924"
"381.119118590331","C18H22O9","27584726"
"381.132170770485","C15H27O9P","1500378"
"381.147482355206",NA,"6856926.5"
"381.155503143814","C19H26O8","15554785"
"381.191869546912","C20H30O7","3620075.5"
"382.049914693481",NA,"1517286.8"
"382.07796611341","C16H17O10N","1377007.1"
"382.114393571453","C17H21O9N","2826233.8"
"382.150715908419","C18H25O8N","2177540.5"
"383.025576594863","C15H12O12","2314501.8"
"383.05396815132",NA,"1394958"
"383.061961572231","C16H16O11","9417488"
"383.090385167945",NA,"7312152.5"
"383.098380591735","C17H20O10","19602204"
"383.10808900333",NA,"1528862"
"383.126688710743","C18H25O7P","13286179"
"383.134707511403","C18H24O9","16706342"
"383.144448093244",NA,"2440488.8"
"383.163106084139",NA,"9460526"
"383.171113218261","C19H28O8","5806896.5"
"383.207524878348","C20H32O7","1521211.3"
"384.093659918561","C16H19O10N","3106880.8"
"384.166407697309","C18H27O8N","2045526.4"
"384.718205498874",NA,"1787641.8"
"385.041202551765","C15H14O12","3973465.5"
"385.056496253511","C19H14O9","1430366"
"385.06960931556",NA,"4652386"
"385.077641182796","C16H18O11","9262436"
"385.087384256982",NA,"2222951.3"
"385.10597764223",NA,"16317805"
"385.113990900708","C17H22O10","11898223"
"385.12371621801",NA,"4228466"
"385.12925945822","C21H22O7","1957747.5"
"385.142307155488","C18H27O7P","16248183"
"385.150382478193","C18H26O9","6557050"
"385.160124490257",NA,"3288956.8"
"385.165678413109","C22H26O6","1449854.4"
"385.178761591299",NA,"7789954.5"
"385.186828450552","C19H30O8","1587588.6"
"386.072886184302","C15H17O11N","1799820.1"
"386.101216431174","C16H22O8NP","1376660.6"
"386.109300895456","C16H21O10N","4047511"
"386.182053070925","C18H29O8N","2414764.8"
"386.715190122983",NA,"2324299.5"
"386.762755303819",NA,"1768793.8"
"387.035811273367","C18H12O10","1739691.4"
"387.056848767194","C15H16O12","4189105.8"
"387.066747038415",NA,"1919924.6"
"387.07212516091","C19H16O9","1812918.3"
"387.08519094283","C16H21O9P","13090746"
"387.0932456924","C16H20O11","5614524.5"
"387.102983632995",NA,"5281727.5"
"387.108563585019","C20H20O8","4118465"
"387.121631870455",NA,"19570630"
"387.129679083795","C17H24O10","4286407.5"
"387.139397171969",NA,"5156810.5"
"387.157965446072","C18H29O7P","11587536"
"387.166228787285","C18H28O9","1849810.4"
"387.175718007095",NA,"2429909.3"
"387.194359988755","C19H33O6P","4485082.5"
"388.116756308422","C16H24O8NP","1365998.9"
"388.124921938138","C16H23O10N","4339953.5"
"388.759759417239",NA,"2172336"
"388.925679888872",NA,"10336738"
"389.015029737823","C17H10O11","1428476.8"
"389.051417003522","C18H14O10","3414535.8"
"389.064445667503","C15H19O10P","5525003.5"
"389.072497222913","C15H18O12","1839630"
"389.082216464493",NA,"4102673"
"389.087811791965","C19H18O9","5199378.5"
"389.100882740375","C16H23O9P","17195542"
"389.118656878304",NA,"6310428"
"389.12420454857","C20H22O8","10369566"
"389.137229540494","C17H27O8P","13042209"
"389.154984831083",NA,"3079718.8"
"389.160538714955","C21H26O7","5402152.5"
"389.173608513463","C18H31O7P","4717100.5"
"389.191412973917",NA,"1457201.8"
"389.210044962907",NA,"1711927.4"
"389.925190423016",NA,"2153743"
"390.122145017231",NA,"1349450.4"
"390.756823369326",NA,"2088970.3"
"390.922664010771",NA,"4621372.5"
"391.03074467314","C17H12O11","3552349.3"
"391.067053110851","C18H16O10","6203496"
"391.097850059295",NA,"6150257.5"
"391.103438136225","C19H20O9","13993075"
"391.1342950419",NA,"3947644.5"
"391.139885203715","C20H24O8","17028222"
"391.152841194203","C17H29O8P","7003266"
"391.170621391261",NA,"1720967.5"
"391.176203538083","C21H28O7","5552265"
"391.212612046206","C22H32O6","1506452.3"
"392.062310029934","C17H15O10N","1671574.1"
"392.083468399499","C14H19O12N","1472412.5"
"392.098752045242","C18H19O9N","2377633"
"392.119870629353","C15H23O11N","3257767.5"
"392.135112479809","C19H23O8N","2501036.3"
"393.010021032174","C16H10O12","1530294.5"
"393.046315446868","C17H14O11","6430401.5"
"393.077194668064",NA,"2419915"
"393.082762787216","C18H18O10","11912909"
"393.095808452617",NA,"5261008.5"
"393.119128494244","C19H22O9","26629848"
"393.132126536214","C16H27O9P","4585179.5"
"393.155471115386","C20H26O8","18646754"
"393.168526155679","C17H31O8P","2047718.8"
"393.191940159547","C21H30O7","2938094"
"393.277699522627","C20H43O5P","5569288"
"394.078025989342","C17H17O10N","2222588.5"
"394.114410814632","C18H21O9N","2762247.5"
"395.025581841198","C16H12O12","2679070.3"
"395.054435647193","C18H21O4S2P","1505831.3"
"395.06197077319","C17H16O11","8505642"
"395.074951834324","C14H21O11P","1378605.4"
"395.088007230397","C20H16O7N2","1835569.5"
"395.090449637183",NA,"4222258"
"395.098424321317","C18H20O10","21829940"
"395.111416726764","C15H25O10P","1589560.6"
"395.126787957415",NA,"7973181.5"
"395.134769736961","C19H24O9","26417472"
"395.14777058736","C16H29O9P","1625411.9"
"395.163162365325",NA,"2506056.5"
"395.171190986389","C20H28O8","9726283"
"395.207581270174","C21H32O7","1387094"
"395.274733979142",NA,"1471082.8"
"396.093665282133","C17H19O10N","2756198"
"396.130060000555","C18H23O9N","3377265.3"
"397.04124852384","C16H14O12","5982089"
"397.056536793802","C20H14O9","1514893.9"
"397.067130964104","C11H18O10N4S","1735569.3"
"397.069607274104",NA,"3055506"
"397.077582769117","C17H18O11","12622740"
"397.105975783201","C18H23O8P","11602845"
"397.114013501764","C18H22O10","21957536"
"397.123821464346",NA,"2891682.8"
"397.150422451336","C19H26O9","13155243"
"397.178752734879",NA,"2180531.5"
"397.186760195548","C20H30O8","3655606"
"398.072932889722","C16H17O11N","1598150.9"
"398.145653099412","C18H25O9N","4382941.5"
"398.900116660059",NA,"1417670"
"399.056834421634","C16H16O12","7460342.5"
"399.085227018867","C17H21O9P","9954815"
"399.093272690172","C17H20O11","12156418"
"399.103040544293",NA,"3954180.5"
"399.108604438227","C21H20O8","1769478.4"
"399.121639308737",NA,"23657994"
"399.129663472464","C18H24O10","11306509"
"399.13939065402",NA,"4858384"
"399.144919311988","C22H24O7","1709073.5"
"399.157945849677","C19H29O7P","14757398"
"399.165928707519","C19H28O9","5081624"
"399.194377464751","C20H33O6P","2051104.9"
"400.124907652235","C17H23O10N","5809984"
"400.142959145823",NA,"1432645.8"
"401.036203374273","C15H14O13","1943129.9"
"401.051454921673","C19H14O10","2171998.5"
"401.064494478272","C16H19O10P","4548706.5"
"401.072508445533","C16H18O12","5047397"
"401.082233897625",NA,"3315816"
"401.087820866049","C20H18O9","2639977.8"
"401.100904821635",NA,"19275886"
"401.108963059164","C17H22O11","5867632.5"
"401.118708114307",NA,"7635059.5"
"401.137306129976",NA,"23896186"
"401.145328445238","C18H26O10","3720315.5"
"401.155037815338",NA,"5399678.5"
"401.160580362814","C22H26O7","2691200.3"
"401.173603268747","C19H31O7P","10891396"
"401.181651397379","C19H30O9","1409670.8"
"402.0681255399","C15H17O12N","1610905"
"402.104276090113","C16H21O11N","4110756.3"
"402.121943830013",NA,"1937833.6"
"402.127576619434",NA,"1702571.4"
"402.140557291225","C17H25O10N","5458351.5"
"402.941258791744",NA,"7094951"
"403.030584628564","C18H12O11","2027714.9"
"403.051784505354","C15H16O13","2170569.3"
"403.067112237468","C19H16O10","3772110"
"403.080159625054",NA,"11217618"
"403.088197385945","C16H20O12","2186964.8"
"403.097905681011",NA,"7090903.5"
"403.10344757701","C20H20O9","6443737.5"
"403.116465636839","C17H25O9P","19657438"
"403.124516306886","C17H24O11","1978591.9"
"403.134273226926",NA,"7779043"
"403.139846287067","C21H24O8","8282852.5"
"403.152910562405","C18H29O8P","13021929"
"403.170725607004",NA,"3621614.3"
"403.176282633671","C22H28O7","4611824"
"403.189339033153",NA,"4982516"
"404.083449186308","C15H19O12N","2188296.5"
"404.101088323347",NA,"1394702.1"
"404.137575277789",NA,"1531417.4"
"404.192606462886","C18H31O9N","1451050.5"
"404.938335639207",NA,"2670353.3"
"405.04637175712","C18H14O11","4082994.5"
"405.077144360706",NA,"4069692"
"405.082708152334","C19H18O10","6171966"
"405.113500089973",NA,"5936455.5"
"405.119062345882","C20H22O9","13460809"
"405.132129227731","C17H27O9P","9792845"
"405.149948175338",NA,"4005202.8"
"405.15553619211","C21H26O8","10896724"
"405.168560570914","C18H31O8P","5306712.5"
"405.186314787242",NA,"1711965.9"
"405.19186316774","C22H30O7","3786079.5"
"405.204871110401","C19H35O7P","1537379.6"
"406.114354531053","C19H21O9N","1970812.9"
"407.025570532436","C17H12O12","2703254.5"
"407.062029899694","C18H16O11","7026594"
"407.075059907973","C15H21O11P","3439525.8"
"407.092843735008",NA,"2866091.3"
"407.098375538521","C19H20O10","13825965"
"407.111366052763","C16H25O10P","5670833"
"407.134750548869","C20H24O9","21026744"
"407.147795781729","C17H29O9P","3962812.3"
"407.163245468057","C11H28O12N4","2532801"
"407.171223681157","C21H28O8","8646596"
"407.20759127346","C22H32O7","2119630.8"
"408.093666069338","C18H19O10N","1996000.4"
"408.130007723585","C19H23O9N","1991915.6"
"409.041222821952","C17H14O12","4996612.5"
"409.067271719805","C22H19O4SP","1676556.6"
"409.07756997287","C18H18O11","9746960"
"409.106032599897",NA,"5159448.5"
"409.114022101291","C19H22O10","22108700"
"409.127035608478","C16H27O10P","1907999.1"
"409.142449771544",NA,"4945444"
"409.150423453191","C20H26O9","17336870"
"409.178702642809","C21H31O6P","1435695"
"409.186734371492","C21H30O8","4254257.5"
"410.10923880791","C18H21O10N","2876237.5"
"410.145686748849","C19H25O9N","2216280.8"
"411.020504941594","C16H12O13","1940581.6"
"411.056857868715","C17H16O12","7302257"
"411.085324985003",NA,"4923513.5"
"411.093314172961","C18H20O11","14396540"
"411.121698147471",NA,"13433989"
"411.12969334819","C19H24O10","17910920"
"411.139354165165",NA,"1661578.1"
"411.157987902279","C20H29O7P","9356432"
"411.166041908437","C20H28O9","8756370"
"411.194413768898",NA,"1730971.1"
"411.202299303265","C21H32O8","1628829.5"
"412.080360313236","C17H20O9NP","1437866.8"
"412.088525635033","C17H19O11N","2154413.3"
"412.124911825025","C18H23O10N","3889592.5"
"412.915716264821",NA,"1891498.5"
"413.03614294266","C16H14O13","2585295.3"
"413.064460030235","C17H19O10P","3057880"
"413.072441979602","C17H18O12","7931610.5"
"413.100879396485","C18H23O9P","15281891"
"413.108934456982","C18H22O11","11841254"
"413.124209951707","C22H22O8","1534698.3"
"413.137273542946","C19H27O8P","21036782"
"413.145276783087","C19H26O10","8666865"
"413.154976665252",NA,"2649331.8"
"413.173605604395","C20H31O7P","5138169.5"
"413.181615578684","C20H30O9","2342139.8"
"413.210012193523","C21H35O6P","1626884.5"
"415.030668804904","C19H12O11","1769007.3"
"415.051872364868","C16H16O13","3911989.8"
"415.067172621749","C20H16O10","2243898.3"
"415.080158956505","C17H21O10P","8638782"
"415.088191626819","C17H20O12","5844289"
"415.097890710658",NA,"4473155.5"
"415.103456831251","C21H20O9","2865989.5"
"415.11648354755","C18H25O9P","24441162"
"415.124540582183","C18H24O11","4983116"
"415.134275216996",NA,"6713679"
"415.152931562345","C19H29O8P","19726676"
"415.16098585291","C19H28O10","2709335"
"415.170756420005",NA,"1857369.9"
"415.176315469666","C23H28O7","1697115.5"
"415.189366274484",NA,"3632479.5"
"416.143223327536",NA,"1468032.8"
"416.956899138779",NA,"1537398.8"
"417.046334607975","C19H14O11","3326865.8"
"417.059374913078","C16H19O11P","3609493.8"
"417.067410521177","C16H18O13","2703256.3"
"417.07708054585",NA,"2812827"
"417.082672201236","C20H18O10","3841948.8"
"417.095712353546","C17H23O10P","16786336"
"417.103788878539","C17H22O12","2143651"
"417.113529511943",NA,"8512422"
"417.119110082641","C21H22O9","6466471.5"
"417.132166696065","C18H27O9P","22148012"
"417.140218751723","C18H26O11","1777070.1"
"417.1499615782",NA,"5786545"
"417.155516496452","C22H26O8","6554547"
"417.168551430155","C19H31O8P","10806199"
"417.205142118267",NA,"1856449.6"
"418.114429172867","C20H21O9N","1439187.5"
"418.150854574354","C21H25O8N","1553118.3"
"418.153305970041",NA,"1835231.1"
"419.025612252552","C18H12O12","2284004.8"
"419.061972080651","C19H16O11","5329391.5"
"419.09275313574",NA,"4739577"
"419.098298337462","C20H20O10","8496634"
"419.111347050757","C17H25O10P","14239230"
"419.129198776033",NA,"7640579.5"
"419.134774484808","C21H24O9","12928517"
"419.147831892347","C18H29O9P","10264073"
"419.165614101676",NA,"3882510.8"
"419.171192657743","C22H28O8","7859728.5"
"419.184205067707","C19H33O8P","5762580"
"419.207525002774","C23H32O7","2031643.3"
"420.132437702712",NA,"1565231.1"
"421.041270391908","C18H14O12","4880445.5"
"421.05430021528","C15H19O12P","1837121.3"
"421.077704663486","C19H18O11","8982600"
"421.090664827671","C16H23O11P","4871244"
"421.108502465024",NA,"3920977.3"
"421.114034611672","C20H22O10","16672851"
"421.127017401883","C17H27O10P","6314071"
"421.144809273936",NA,"4529244"
"421.150429242464","C21H26O9","16296030"
"421.15520811687","C19H26O5N4S","10737759"
"421.163451083805","C18H31O9P","4185185.5"
"421.18126361655",NA,"1458790.9"
"421.186865374573","C22H30O8","5904488.5"
"421.199895968072",NA,"1419884.3"
"421.22326916342","C23H34O7","1558899.3"
"422.072880165149","C18H17O11N","1808750.4"
"422.109333848385","C19H21O10N","2597753.3"
"423.020589446861","C17H12O13","1857157.3"
"423.056908898473","C18H16O12","7690896"
"423.073862298358",NA,"1952916.9"
"423.093231019432","C19H20O11","15780507"
"423.121691667798",NA,"5444259"
"423.129681287671","C20H24O10","21756582"
"423.142696109088","C17H29O10P","2148009"
"423.152318938697","C18H24O8N4","3218092"
"423.158149378056","C11H28O13N4","5247661.5"
"423.166122514813","C21H28O9","10996400"
"423.19443314867",NA,"1498808.3"
"423.202438228592","C22H32O8","2182842.5"
"424.052217273063","C17H15O12N","1712563"
"424.08864965515","C18H19O11N","2742717.8"
"424.12497826438","C19H23O10N","3136456.3"
"425.036185248798","C17H14O13","4345041"
"425.072471384675","C18H18O12","9415900"
"425.100897182002","C19H23O9P","8766692"
"425.108925220316","C19H22O11","17243366"
"425.137368815191",NA,"11697391"
"425.145387264381","C20H26O10","14925041"
"425.155078879976",NA,"1439987.6"
"425.173707252924",NA,"5950713"
"425.181698194853","C21H30O9","4762875.5"
"426.140588091372","C19H25O10N","3469840.3"
"426.176968894213","C20H29O9N","1678874.8"
"426.665446004472",NA,"1456551.1"
"426.931666619244",NA,"1613555.4"
"427.051880761685","C17H16O13","5938966"
"427.080171401059","C18H21O10P","6872862"
"427.088174954685","C18H20O12","10444576"
"427.097886802896",NA,"2685731"
"427.11653449671","C19H25O9P","20578088"
"427.124587102045","C19H24O11","12922667"
"427.134330917975",NA,"4289325.5"
"427.139976946528","C23H24O8","2068526.9"
"427.153019827866",NA,"14188339"
"427.161059696211","C20H28O10","6418229"
"427.170796645952",NA,"2217271.8"
"427.189403679893",NA,"4830013"
"427.197339495937","C21H32O9","2010943.4"
"428.137297484466",NA,"1668683.1"
"428.156279101669","C19H27O10N","4274256.5"
"428.192567556879","C20H31O9N","1600602.8"
"429.046328579774","C20H14O11","2470732.3"
"429.059456801146",NA,"3205456"
"429.067487968171","C17H18O13","5230930"
"429.077227837532",NA,"2060117"
"429.08292087825","C21H18O10","2563926.5"
"429.095893357507",NA,"16400730"
"429.103945650781","C18H22O12","6363484.5"
"429.11363796651",NA,"6887775.5"
"429.119238142839","C22H22O9","2999648.8"
"429.1322098615",NA,"26673508"
"429.140242416919","C19H26O11","5401959"
"429.149957262474",NA,"4565353.5"
"429.155558248647","C23H26O8","3216747"
"429.168549109305","C20H31O8P","9679215"
"429.176592382026","C20H30O10","2135409"
"429.191903615394","C24H30O7","1591925.3"
"429.204994115661",NA,"2698617"
"430.099154204392","C17H21O12N","3834484"
"430.127350520687","C18H26O9NP","1589627.8"
"430.135481705504","C18H25O11N","6457982"
"431.025656315071","C19H12O12","2133878"
"431.046810004406","C16H16O14","1751419.9"
"431.062017670982","C20H16O11","3294080"
"431.075097807052",NA,"8076163.5"
"431.083125025543","C17H20O13","3143558"
"431.0983879506","C21H20O10","4736906"
"431.111382607375","C18H25O10P","20693902"
"431.119441132302","C18H24O12","1726864"
"431.129165903063",NA,"8696723"
"431.134729084779","C22H24O9","6992788"
"431.147795712221","C19H29O9P","18936728"
"431.165614601673",NA,"3719068.8"
"431.171187898184","C23H28O8","4144030.3"
"431.184253202461",NA,"4907938"
"431.207602284393","C24H32O7","2181032.5"
"432.057323266952","C19H15O11N","1637523"
"432.078403955391","C16H19O13N","1802136.8"
"432.143115117546",NA,"1616298.6"
"433.041294794048","C19H14O12","4025760.5"
"433.054335631401","C16H19O12P","2417060"
"433.072124291821",NA,"1758632.9"
"433.077664961671","C20H18O11","5390762.5"
"433.090661744772","C17H23O11P","8500654"
"433.108419136389",NA,"5819826.5"
"433.113965787953","C21H22O10","8637876"
"433.126998239239","C18H27O10P","12547512"
"433.144802224912",NA,"5447100.5"
"433.150375825615","C22H26O9","10646974"
"433.163458647494","C19H31O9P","8486338"
"433.181531887367",NA,"1652678.8"
"433.186849419808","C23H30O8","4368840"
"433.199888773614","C20H35O8P","2166731.8"
"434.072974972329","C19H17O11N","1565368.4"
"434.148206628606",NA,"1432524.6"
"435.056904061171","C19H16O12","5655488.5"
"435.069896819865","C16H21O12P","2217924.3"
"435.087786334026",NA,"2669513"
"435.093323951692","C20H20O11","8925131"
"435.10627636642","C17H25O11P","5083086"
"435.12409619955",NA,"4246482.5"
"435.129632925519","C21H24O10","14784468"
"435.142636440026","C18H29O10P","5165015.5"
"435.158110384346","C12H28O13N4","2463195.8"
"435.160378963626","C29H24O4","3386332.5"
"435.16599729424","C22H28O9","10647518"
"435.179063078391","C19H33O9P","3031009.5"
"435.202466483992","C23H32O8","3069927.8"
"436.125019659008","C20H23O10N","2519260.8"
"437.036152302531","C18H14O13","4276684.5"
"437.072482983512","C19H18O12","7815638"
"437.085376851215","C16H23O12P","2158553.5"
"437.100911355552","C20H23O9P","3712477.5"
"437.108895914493","C20H22O11","14871008"
"437.137395601928",NA,"6597095"
"437.145365096849","C21H26O10","14420457"
"437.158377951431","C18H31O10P","2033132.6"
"437.173781356408","C12H30O13N4","2843120.8"
"437.181748498691","C22H30O9","6928883"
"438.140568336273","C20H25O10N","2924268.3"
"439.051737046728","C18H16O13","6163415"
"439.080178091754",NA,"2752990"
"439.088209779984","C19H20O12","10630112"
"439.116630431353",NA,"7914471.5"
"439.124606395018","C20H24O11","15018985"
"439.134287695124",NA,"2560492"
"439.152934444758","C21H29O8P","10468337"
"439.160942528645","C21H28O10","9712627"
"439.18928857044","C22H33O7P","3376122"
"439.197305558509","C22H32O9","2848764"
"440.119816319914","C19H23O11N","3820774.5"
"441.031026792989","C17H14O14","2466251.5"
"441.046236544691","C21H14O11","1524687.4"
"441.057048190527","C22H19O6SP","1622482.1"
"441.067440858027","C18H18O13","6909396.5"
"441.095851215718",NA,"8426972"
"441.103904855279","C19H22O12","10018270"
"441.113526198336",NA,"2867680.3"
"441.140228479469","C20H26O11","9653735"
"441.149903946358",NA,"3323369.3"
"441.16851399377","C21H31O8P","10995182"
"441.176558889244","C21H30O10","3082735.8"
"441.186258062916",NA,"1679858.4"
"441.20491917404","C22H35O7P","2733559"
"442.099063745727","C18H21O12N","3216084.8"
"442.13546103188","C19H25O11N","4884189.5"
"443.025506078944","C20H12O12","2296759.5"
"443.046658758243","C17H16O14","3357628.8"
"443.061883997109","C21H16O11","2203072.5"
"443.07498367258","C18H21O11P","5078979.5"
"443.083055656617","C18H20O13","5423045.5"
"443.092740933961",NA,"3017672"
"443.098428734637","C22H20O10","2547145.3"
"443.111451634745","C19H25O10P","17887180"
"443.119518011975","C19H24O12","6006734.5"
"443.129216235463",NA,"5611473"
"443.134853841576","C23H24O9","3203026.3"
"443.147856516827","C20H29O9P","15892437"
"443.155894396518","C20H28O11","3865559.3"
"443.165589013079",NA,"3729369.5"
"443.171120050768","C24H28O8","2938331"
"443.18417963978","C21H33O8P","7315422"
"444.132459412634",NA,"1915587"
"445.041269737278","C20H14O12","2793883.3"
"445.054308038341","C17H19O12P","2608542.3"
"445.062376862632","C17H18O14","2610080.3"
"445.072009037957",NA,"2361250.5"
"445.077617843144","C21H18O11","3006883.8"
"445.0986624162","C18H22O13","2992552.8"
"445.108359255337","C29H18O5","6179243"
"445.113953729205","C22H22O10","5411244.5"
"445.127011036539","C19H27O10P","19202480"
"445.135054803413","C19H26O12","2386865.5"
"445.144799208635",NA,"5084596"
"445.150390725465","C23H26O9","5945781"
"445.163470537988","C20H31O9P","10375608"
"445.181271755597",NA,"2486716.3"
"445.186842838601","C24H30O8","3383741.8"
"445.199929129745",NA,"2876864.8"
"445.223207034346","C25H34O7","1528774.3"
"446.093941759516","C17H21O13N","2262674.3"
"447.056785039099","C20H16O12","5266289"
"447.06982956437","C17H21O12P","3924851.8"
"447.087659571164",NA,"3743607.8"
"447.093230024935","C21H20O11","5602169"
"447.124125308871",NA,"6609792"
"447.129704812496","C22H24O10","8612737"
"447.142741845222","C19H29O10P","11633540"
"447.160475135255",NA,"3220360.5"
"447.166064093515","C23H28O9","7728010"
"447.179103955947","C20H33O9P","5303181"
"447.197021994809",NA,"1424784.9"
"447.202372361111","C24H32O8","3888018"
"448.088572962738","C20H19O11N","1524059.6"
"448.109697193696","C17H23O13N","2637920.3"
"449.036063691358","C19H14O13","3389744.3"
"449.072495199033","C20H18O12","5850424.5"
"449.085555573631","C17H23O12P","3867963.3"
"449.103387375095",NA,"3276095.3"
"449.108959882079","C21H22O11","9878848"
"449.12198590672","C18H27O11P","6901059.5"
"449.137346030089","C22H27O8P","3120454.8"
"449.145322115637","C22H26O10","14865736"
"449.158335819945","C19H31O10P","4560203.5"
"449.173587462031","C23H31O7P","2657614.8"
"449.181646153814","C23H30O9","7064912.5"
"449.194659349407","C20H35O9P","2070355.5"
"449.218029933258","C24H34O8","2183000.8"
"451.051720397163","C19H16O13","5656299"
"451.088174391699","C20H20O12","8597235"
"451.116643641036",NA,"3935993"
"451.12461599964","C21H24O11","14165755"
"451.137608111075","C18H29O11P","3195645.5"
"451.153025648531","C12H28O14N4","4621057"
"451.160952777619","C22H28O10","11777795"
"451.173952416219","C19H33O10P","2512645.5"
"451.189303014686","C23H33O7P","3801864.8"
"451.197279062954","C23H32O9","4503306.5"
"451.225635203578","C24H37O6P","1845520.6"
"452.083439434277","C19H19O12N","1562568.9"
"452.119913861822","C20H23O11N","2491344.8"
"452.887294718673",NA,"2240627.5"
"453.031081390053","C18H14O14","2891922"
"453.067398301691","C19H18O13","6985881.5"
"453.095714589598","C20H23O10P","3686559.5"
"453.103755790276","C20H22O12","11503777"
"453.132197161301","C21H27O9P","9822375"
"453.140211048153","C21H26O11","12015785"
"453.168644761585","C22H31O8P","7125167"
"453.176643635974","C22H30O10","5884080.5"
"453.204975925398","C23H35O7P","3061942.5"
"454.062754186425","C18H17O13N","1626474"
"454.820995106313",NA,"1561607.1"
"455.046746839949","C18H16O14","4048437.5"
"455.075066742598","C19H21O11P","2694715.3"
"455.08315275003","C19H20O13","6984253"
"455.111471969291","C20H25O10P","9919043"
"455.119473570513","C20H24O12","10203716"
"455.12902784367","C31H20O4","2795078.5"
"455.147770036783","C21H29O9P","14993994"
"455.155802255599","C21H28O11","6748748"
"455.16541282365","C32H24O3","2553422"
"455.170958122337","C25H28O8","1677903.1"
"455.184153540944","C22H33O8P","5894738"
"455.1921775275","C22H32O10","2402387.5"
"455.220589183281","C23H37O7P","3145305.3"
"457.041291637532","C21H14O12","2111434.5"
"457.062407144365","C18H18O14","4723663"
"457.077617384659","C22H18O11","2364370"
"457.090648317882","C19H23O11P","7818196.5"
"457.098690490162","C19H22O13","6677462"
"457.108534192026",NA,"3402712"
"457.113992154124","C23H22O10","2242521.3"
"457.127009467484","C20H27O10P","16042972"
"457.13506419271","C20H26O12","5513181.5"
"457.144741208099","C31H22O4","4643807.5"
"457.150377002231","C24H26O9","2620384.5"
"457.163444408991","C21H31O9P","13110243"
"457.171523134907","C21H30O11","3048420.8"
"457.181205224396",NA,"2255846.8"
"457.186809385462","C25H30O8","2495975.8"
"457.199893277833","C22H35O8P","3277802.5"
"458.122224196727","C19H26O10NP","1431202.1"
"459.041660199266","C17H16O15","1499735.5"
"459.056871285055","C21H16O12","3639642.5"
"459.069912964699","C18H21O12P","3420509"
"459.077974588113","C18H20O14","2578782.8"
"459.087562354133","C29H16O6","2174816.5"
"459.093235335492","C22H20O11","3587425.5"
"459.10628820512","C19H25O11P","12791140"
"459.114345727655","C19H24O13","3317093.8"
"459.124029031959",NA,"5365095.5"
"459.129669348025","C23H24O10","3586408.8"
"459.142719034892","C20H29O10P","14622059"
"459.150816944882","C20H28O12","1482348.9"
"459.160517403955",NA,"4013422.8"
"459.166104191271","C24H28O9","5238128"
"459.179175963233",NA,"6686066.5"
"459.202504845028","C25H32O8","2754935"
"459.2155229034","C22H37O8P","1718137.6"
"460.182324779163","C20H31O11N","2087478.1"
"461.036196027259","C20H14O13","3429083"
"461.072500656344","C21H18O12","4154081.8"
"461.085539116531","C18H23O12P","5973732.5"
"461.103245839538","C29H18O6","3891943.8"
"461.108827093747","C22H22O11","5110505"
"461.121889899288","C19H27O11P","10270443"
"461.139675117894","C30H22O5","4829935"
"461.145264675266","C23H26O10","7939824"
"461.158334286042","C20H31O10P","7190258.5"
"461.176102158969",NA,"1992437.8"
"461.181753676394","C24H30O9","5789431"
"461.194808886343","C21H35O9P","2476281.3"
"461.218131953447","C25H34O8","2841341.8"
"463.051831519586","C20H16O13","4828250.5"
"463.08819541303","C21H20O12","5639265.5"
"463.118927378864","C29H20O6","2779751.5"
"463.124491045127","C22H24O11","8511592"
"463.137514397625","C19H29O11P","5330027"
"463.152979827168","C23H29O8P","2739821.8"
"463.160856402429","C23H28O10","10000495"
"463.173908121015","C20H33O10P","2713201.8"
"463.189364440746","C24H33O7P","1936500.6"
"463.197293809639","C24H32O9","4280438"
"464.119809453971","C21H23O11N","1966371.4"
"465.031005469535","C19H14O14","2218957"
"465.067379986013","C20H18O13","5321172"
"465.103825868872","C21H22O12","8155610.5"
"465.116870395385","C18H27O12P","2783197"
"465.13230890489",NA,"3897823.8"
"465.15329347286","C19H31O11P","1971171.8"
"465.168603474631","C23H31O8P","4598246.5"
"465.176618159812","C23H30O10","7391720"
"465.204969453609","C24H35O7P","2650093.3"
"465.212959613025","C24H34O9","2483694.8"
"466.13552013253","C21H25O11N","2353817.3"
"466.143586716827","C26H30ONS2P","2450586.8"
"466.902970100192",NA,"2232102"
"467.046753146568","C19H16O14","3895104.5"
"467.083162890588","C20H20O13","6163271"
"467.111522918631",NA,"4644684.5"
"467.119542241979","C21H24O12","8926030"
"467.147826147842","C22H29O9P","6323027"
"467.155832588605","C22H28O11","8031060.5"
"467.16549495702","C33H24O3","1893718.1"
"467.184208977462","C23H33O8P","5579609.5"
"467.192193308388","C23H32O10","4191067"
"467.220621009683","C24H37O7P","2138976.3"
"468.114729391241","C20H23O12N","1938947.1"
"469.026003863624","C18H14O15","1461672.3"
"469.062393958792","C19H18O14","4255919"
"469.090653304335","C20H23O11P","2748596"
"469.098699333024","C20H22O13","5831861.5"
"469.127025135163","C21H27O10P","9727162"
"469.135052533196","C21H26O12","7214268"
"469.163396412412","C22H31O9P","8910017"
"469.181429390142",NA,"1741252.3"
"469.19986104834","C23H35O8P","4674759.5"
"469.207895924883","C23H34O10","1729225.1"
"471.020550940912","C21H12O13","1441806.9"
"471.041690134867","C18H16O15","1719314.6"
"471.056938397431","C22H16O12","2475541.3"
"471.069939042006","C19H21O12P","2091543.6"
"471.078016609934","C19H20O14","4209177"
"471.106291037874","C20H25O11P","7405086"
"471.129583512066","C24H24O10","2085666.3"
"471.142612857883","C21H29O10P","12256805"
"471.150688205295","C21H28O12","3393062"
"471.165979961497","C25H28O9","1868328.8"
"471.17906518357","C22H33O9P","8261163"
"471.187130661273","C22H32O11","1452588.6"
"471.197108172849",NA,"1936942.4"
"471.202404760737","C26H32O8","1430319.4"
"471.215538875962","C23H37O8P","3377713.8"
"473.036182263942","C21H14O13","2132342"
"473.057350245585","C18H18O15","1808761.8"
"473.072603201946","C22H18O12","2326908.5"
"473.085685402295",NA,"3840894.8"
"473.093710847736","C19H22O14","2649984.3"
"473.103299028142",NA,"2049409.9"
"473.108977170595","C23H22O11","2647939"
"473.121992955008","C20H27O11P","10475397"
"473.130023359404","C20H26O13","2208646.8"
"473.139666954446","C31H22O5","5009288.5"
"473.145282935125","C24H26O10","4016009.3"
"473.158283109761","C21H31O10P","10155916"
"473.176029929594","C32H26O4","2649998.8"
"473.181662205047","C25H30O9","2686863.8"
"473.194692366819","C22H35O9P","3712914.3"
"473.218073807736","C26H34O8","2019222.3"
"475.051704875752","C21H16O13","3998939"
"475.064851557403","C18H21O13P","2134749.3"
"475.088158575823","C22H20O12","3802337.3"
"475.101280649802","C19H25O12P","6113507.5"
"475.11899401778",NA,"3399910.8"
"475.124596599576","C23H24O11","5611752"
"475.137659558763","C20H29O11P","7846122"
"475.160984317181","C24H28O10","5517550"
"475.173981304608","C21H33O10P","5544176.5"
"475.19730427591","C25H32O9","3708148.5"
"475.210307382951","C22H37O9P","2219255"
"477.031131922314","C20H14O14","2495544"
"477.067488201179","C21H18O13","4469310.5"
"477.080577663647","C18H23O13P","2449472.8"
"477.098171618308","C29H18O7","2290755.8"
"477.103780222936","C22H22O12","5332549"
"477.116859898382","C19H27O12P","5432903"
"477.134806717798",NA,"2628682.3"
"477.140107472665","C23H26O11","8114763"
"477.153174667133","C20H31O11P","3697229.5"
"477.168676580377","C24H31O8P","2177104.3"
"477.176516680538","C24H30O10","7359057.5"
"477.189561710952","C21H35O10P","2460756"
"477.213003860106","C25H34O9","3329624"
"478.063019146839","C20H17O13N","1730797.8"
"479.04660325151","C20H16O14","4272027"
"479.083002826304","C21H20O13","6077345.5"
"479.111358408949","C22H25O10P","2077094.5"
"479.119466291827","C22H24O12","7957416"
"479.132562931621","C19H29O12P","2429354"
"479.155916829653","C23H28O11","9356206"
"479.184331506355","C24H33O8P","4492211.5"
"479.19230634227","C24H32O10","5200820.5"
"479.228602743607","C25H36O9","2069435"
"480.151081999965","C22H27O11N","1994845.6"
"480.918666079964",NA,"2656485"
"481.062337899058","C20H18O14","4507902.5"
"481.088403014569","C25H23O6SP","2083843.1"
"481.098774722468","C21H22O13","7138565"
"481.127171256117",NA,"5041418"
"481.135167699422","C22H26O12","9856267"
"481.163486706441","C23H31O9P","8158480.5"
"481.171531300544","C23H30O11","6966545.5"
"481.199846996852","C24H35O8P","5121303"
"481.208178874292","C24H34O10","2317592.3"
"482.130291372294","C21H25O12N","2665403.3"
"483.041583295431","C19H16O15","2780764.8"
"483.056808085733","C23H16O12","2288223.5"
"483.069813649671","C20H21O12P","1733985.8"
"483.078020839567","C20H20O14","5795427"
"483.106404306157","C21H25O11P","5430888"
"483.114464221427","C21H24O13","6897257.5"
"483.123798423043","C32H20O5","1824363.4"
"483.129732294931","C25H24O10","1585004.3"
"483.1428289764",NA,"9750127"
"483.150853094544","C22H28O12","6284912"
"483.160453703026",NA,"2841713.8"
"483.179163859938","C23H33O9P","8726133"
"483.18716985544","C23H32O11","4169334.5"
"483.196763165383","C34H28O3","1507448.3"
"483.215483159861","C24H37O8P","3909243.5"
"484.145988100956","C21H27O12N","2339105"
"485.036015502057","C22H14O13","2435519.8"
"485.057196040969","C19H18O15","3095491.5"
"485.07244650965","C23H18O12","1735110.4"
"485.085552625324","C20H23O12P","2885064.8"
"485.093617226298","C20H22O14","5140426"
"485.122030663881","C21H27O11P","9095119"
"485.130064356307","C21H26O13","4586448.5"
"485.139616960757","C32H22O5","2765778.3"
"485.145384616605","C25H26O10","1887699.4"
"485.158413092536","C22H31O10P","11100118"
"485.16649013116","C22H30O12","2339287"
"485.176061492221","C33H26O4","2740696.8"
"485.181736988936","C26H30O9","2287065.8"
"485.194809566019","C23H35O9P","6123484"
"485.231060664978","C24H39O8P","1772514.6"
"486.153631350956","C21H30O10NP","1453960"
"487.051791972913","C22H16O13","2175273.8"
"487.064868338651","C19H21O13P","1643308.1"
"487.072871026798","C19H20O15","2009901.5"
"487.08811802064","C23H20O12","2586416.3"
"487.10119488997","C20H25O12P","5947698.5"
"487.109215197251","C20H24O14","3091764.3"
"487.124494728977","C24H24O11","2526007"
"487.137584633015","C21H29O11P","9976121"
"487.145640788831","C21H28O13","2231610.8"
"487.155267385868","C32H24O5","3706172.5"
"487.160970352627","C25H28O10","3813693.5"
"487.174071107685","C22H33O10P","7180608"
"487.182109955214","C22H32O12","1758273.4"
"487.19179018724",NA,"2615107"
"487.197417702866","C26H32O9","2455876"
"487.21046983058","C23H37O9P","3339590.5"
"487.246830295539","C24H41O8P","1598284.9"
"489.031044507494","C21H14O14","2687633"
"489.067487049749","C22H18O13","3755671.8"
"489.088642929268","C19H22O15","2064027.5"
"489.098204452524","C30H18O7","1924765.3"
"489.103911817816","C23H22O12","3666590.3"
"489.116986363869",NA,"6251168.5"
"489.134617458532",NA,"3318436"
"489.140205497352","C24H26O11","5257893"
"489.153267059936","C21H31O11P","7643815.5"
"489.170869457032","C32H26O5","2704554.5"
"489.176522554144","C25H30O10","5452459.5"
"489.189536474502","C22H35O10P","3784366"
"489.213231853016","C26H34O9","3133106.3"
"490.120140557346","C19H25O14N","2312536.5"
"491.046690604661","C21H16O14","4166659.8"
"491.083012343389","C22H20O13","3720202.5"
"491.096172779666","C19H25O13P","3248140.8"
"491.113748103037","C30H20O7","2120720.3"
"491.119378631252","C23H24O12","5141521"
"491.132537803067","C20H29O12P","4323347.5"
"491.155820323746","C24H28O11","7689240"
"491.168908387615","C21H33O11P","3157018.3"
"491.184321229588","C25H33O8P","2410525.3"
"491.192294476771","C25H32O10","4839454.5"
"491.228742267393","C26H36O9","1831973.5"
"492.078598865054","C21H19O13N","1435843.6"
"493.025904217295","C20H14O15","2150773.3"
"493.062292085174","C21H18O14","5400956"
"493.098712047472","C22H22O13","5028227"
"493.127062884188","C23H27O10P","2649992.3"
"493.135165279893","C23H26O12","7181706"
"493.148304565403",NA,"1805708.4"
"493.163656888626","C24H31O9P","3722639.3"
"493.171585603963","C24H30O11","7511440.5"
"493.199950656184","C25H35O8P","2590102"
"493.23618969275","C26H39O7P","1499036.9"
"494.93422832471",NA,"1933023.8"
"495.041568315574","C20H16O15","2651892.3"
"495.07801786699","C21H20O14","4970235.5"
"495.106406027206","C22H25O11P","2248960.8"
"495.114444915808","C22H24O13","6123266.5"
"495.14279885862","C23H29O10P","4903687.5"
"495.150798430119","C23H28O12","6639369.5"
"495.179157339329","C24H33O9P","6147854.5"
"495.215448807265","C25H37O8P","2095381.8"
"497.03644371899","C23H14O13","1583222.8"
"497.057296843865","C20H18O15","4108410.8"
"497.072571148785","C24H18O12","1507965.9"
"497.085695871465",NA,"2006144.4"
"497.093778161907","C21H22O14","4153474"
"497.122121635969",NA,"5848199.5"
"497.130147604181","C22H26O13","5154953"
"497.13969084123","C33H22O5","2671243"
"497.145380142898","C26H26O10","1622156.1"
"497.158459957969",NA,"8988815"
"497.194770539653","C24H35O9P","6381718"
"497.231062939303","C25H39O8P","2010781"
"498.125397764632","C21H25O13N","2429773.3"
"498.161751260289","C22H29O12N","2448724.5"
"499.051692442418","C23H16O13","2502661.8"
"499.072884751908","C20H20O15","3250698"
"499.10129577795","C21H25O12P","3573263.5"
"499.109311247023","C21H24O14","3685905.3"
"499.137721156474","C22H29O11P","7412247"
"499.145737069496","C22H28O13","2763288.5"
"499.155313194611","C33H24O5","2960410.5"
"499.161042447506","C26H28O10","2314267.5"
"499.174074069116","C23H33O10P","8366622"
"499.191755747125",NA,"1838625.8"
"499.197355543416","C27H32O9","1651234.9"
"499.210425501371","C24H37O9P","4537893.5"
"501.031381535759","C22H14O14","1578646.3"
"501.067367815353","C23H18O13","2384285.8"
"501.080502046735","C20H23O13P","1463712.4"
"501.088501841785","C20H22O15","2397090"
"501.103730087929","C24H22O12","1711013"
"501.116863986944","C21H27O12P","5882791.5"
"501.124847891997","C21H26O14","2017705.5"
"501.134424479283","C32H22O6","2601387.5"
"501.140176806715","C25H26O11","3321772.5"
"501.15329666328","C22H31O11P","7494575"
"501.16164272177","C22H30O13","1870768.9"
"501.176625261616","C26H30O10","2863028"
"501.189684626504","C23H35O10P","5569462.5"
"501.213064576444","C27H34O9","2251707.5"
"501.226164020542",NA,"2288574.3"
"503.046808880813","C22H16O14","2996534.5"
"503.067991792234","C19H20O16","1788219.1"
"503.083245917662","C23H20O13","2827582.3"
"503.096347393427",NA,"3095873"
"503.119530904047","C24H24O12","3354949.8"
"503.132631753482","C21H29O12P","5637448.5"
"503.150209185129","C32H24O6","2295628.3"
"503.155846197661","C25H28O11","4609357.5"
"503.192179468925","C26H32O10","3629397"
"503.205184220173","C23H37O10P","2529623.8"
"503.228561492443","C27H36O9","1516380.6"
"505.062250313133","C22H18O14","3669726.5"
"505.098662035222","C23H22O13","4284134"
"505.111856875818","C20H27O13P","3608297"
"505.129386293927","C31H22O7","1860076.8"
"505.135078129599","C24H26O12","5166830"
"505.148279367497","C21H31O12P","3415792.8"
"505.164604475902","C24H30O8N2S","1854772.1"
"505.171542502562","C25H30O11","6504181.5"
"505.184612931856","C22H35O11P","2227960.5"
"505.207980202587","C26H34O10","4335357.5"
"505.244331486651","C27H38O9","1658117.3"
"506.976454071019",NA,"1822327.4"
"507.041591206319","C21H16O15","2732165.3"
"507.078023808242","C22H20O14","4404365"
"507.114446410308","C23H24O13","5688469"
"507.127686098784",NA,"2221719.8"
"507.142850520261","C24H29O10P","3386523"
"507.150825547722","C24H28O12","6592669"
"507.164021643037",NA,"1738911.6"
"507.179191960156","C25H33O9P","3536034.8"
"507.2154676094","C26H37O8P","2011306.8"
"508.190622249591",NA,"1549949.4"
"509.057391792234","C21H18O15","4100665.5"
"509.093728662352","C22H22O14","4300353.5"
"509.121981229073","C23H27O11P","2445895.8"
"509.130045144861","C23H26O13","5106249.5"
"509.158357522864","C24H31O10P","5631567.5"
"509.194737056621","C25H35O9P","4597335.5"
"509.231126730324","C26H39O8P","2312799.5"
"509.239101085415","C26H38O10","1885281.1"
"510.206213141757","C29H38ONS2P","1543476.3"
"511.036634823848","C20H16O16","2108394.5"
"511.072971366858","C21H20O15","4161522.5"
"511.101267431226","C22H25O12P","2287609"
"511.109284621309","C22H24O14","3779578.5"
"511.137547167354","C23H29O11P","5421057"
"511.145559245761","C23H28O13","5160962.5"
"511.173940424357","C24H33O10P","7388169"
"511.191890094028",NA,"1967116.8"
"511.210369601547","C25H37O9P","3869712.8"
"511.246794453975","C26H41O8P","1536024.9"
"513.03116738373","C23H14O14","1684898.9"
"513.052276188053","C20H18O16","1895847.5"
"513.067494196577","C24H18O13","1781674.9"
"513.080489782756","C21H23O13P","1634733.8"
"513.088583485792","C21H22O15","3241391.5"
"513.11691622383","C22H27O12P","3961270"
"513.124884272662","C22H26O14","3268023.8"
"513.134819491994","C33H22O6","1739193.9"
"513.140105941888","C26H26O11","2346427"
"513.153178926681","C23H31O11P","7620030"
"513.161223562331","C23H30O13","2181567.8"
"513.170768517203","C34H26O5","2122689.8"
"513.176478592418","C27H30O10","1581507.1"
"513.189558541922","C24H35O10P","6292934"
"513.207261503488","C35H30O4","1842121.9"
"513.212798915389","C28H34O9","1530827"
"515.046795100776","C23H16O14","1961314.8"
"515.06794767555","C20H20O16","2543975.5"
"515.083157036899","C24H20O13","2575722.8"
"515.096296173839",NA,"2264429.8"
"515.104291692023","C21H24O15","1821551.6"
"515.113737573955","C32H20O7","1743985.6"
"515.119496429246","C25H24O12","2461555"
"515.132629663251","C22H29O12P","5061494"
"515.14057682322","C22H28O14","1510775.6"
"515.150092841496","C33H24O6","2430841.8"
"515.155816006716","C26H28O11","2073467"
"515.168877813327","C23H33O11P","6893438"
"515.186498624839","C34H28O5","2360194"
"515.19215988592","C27H32O10","2785667.3"
"515.205202893177","C24H37O10P","4706182"
"517.062411323814","C23H18O14","2763044.8"
"517.099244515346","C24H22O13","1769772.9"
"517.112045404452",NA,"2883887.8"
"517.135255210634","C25H26O12","2357557"
"517.148399240671",NA,"4604216"
"517.165953561836",NA,"2308923.8"
"517.171615993107","C26H30O11","2966845"
"517.184640092069","C23H35O11P","3955008"
"517.202114080409","C34H30O5","1460292"
"517.207923651996","C27H34O10","2813253.3"
"519.041577036356","C22H16O15","3231455.8"
"519.077945355327","C23H20O14","3094247.8"
"519.114310266413","C24H24O13","2600176"
"519.127557768348","C21H29O13P","2290418.8"
"519.15075842189","C25H28O12","4060920"
"519.163941254717","C22H33O12P","2686715"
"519.187220478813","C26H32O11","4321024"
"519.200238604379","C23H37O11P","1493763.1"
"519.223650750366","C27H36O10","2323208.3"
"521.057346248287","C22H18O15","3499171"
"521.093732430935","C23H22O14","2946219"
"521.120289197445","C26H22O10N2","1525809"
"521.130101101722","C24H26O13","3831987.3"
"521.158497840687","C25H31O10P","2215097.5"
"521.166396826129","C25H30O12","4862139.5"
"521.194663637005","C26H35O9P","2537153.8"
"521.202723472881","C26H34O11","2666691.5"
"521.239073793099","C27H38O10","1986251.6"
"523.072823485968","C22H20O15","3685989.5"
"523.109190113578","C23H24O14","3033709.8"
"523.13763368711","C24H29O11P","2455668"
"523.145606214415","C24H28O13","4781686"
"523.173985265016","C25H33O10P","4219516"
"523.182071674968","C25H32O12","4371070"
"523.210457264514","C26H37O9P","2983556.3"
"523.246822656347","C27H41O8P","1720972.3"
"525.052130705742","C21H18O16","2339358.5"
"525.088572949243","C22H22O15","3158054.5"
"525.116992278029","C23H27O12P","1503276.8"
"525.125019702621","C23H26O14","3681326.8"
"525.153410347612",NA,"5164085"
"525.161405091161","C24H30O13","2983990.8"
"525.170842856735","C35H26O5","1530936.9"
"525.234033219601","C26H38O11","1770054.9"
"526.156670665229","C23H29O13N","1792275.4"
"526.869615655414",NA,"1531825.3"
"527.046788277708","C24H16O14","1745368.4"
"527.067933673674","C21H20O16","2856413"
"527.083205595409","C25H20O13","1697504.4"
"527.096359983869",NA,"1503459.1"
"527.104311353947","C22H24O15","2439653"
"527.119585040572","C26H24O12","1493736.4"
"527.140647490926","C23H28O14","2645485"
"527.155891725663","C27H28O11","1568240.4"
"527.168968464738","C24H33O11P","5620211.5"
"527.176964465071","C24H32O13","2021364.9"
"527.205288150255","C25H37O10P","4695547.5"
"527.241575432777","C26H41O9P","2344451.3"
"529.083623775725","C21H22O16","2267032"
"529.098848092883","C25H22O13","1933211.4"
"529.11198207458",NA,"2695070.3"
"529.1198989735","C22H26O15","1770399.9"
"529.135182516856","C26H26O12","1633187.4"
"529.148258903094","C23H31O12P","4855718"
"529.165712089996","C34H26O6","2019754"
"529.17147477118","C27H30O11","1837995.3"
"529.184567041838","C24H35O11P","5368750"
"529.202031433203","C35H30O5","2154930"
"529.207828319837","C28H34O10","2096051.3"
"529.220839628935","C25H39O10P","2454454"
"529.244241338194","C29H38O9","1577659.1"
"531.0417642269","C23H16O15","2594114.3"
"531.078147502637","C24H20O14","2015050.3"
"531.114480310663","C25H24O13","2281810"
"531.150776617115","C26H28O12","2585945.8"
"531.163884303565","C23H33O12P","4383068.5"
"531.18138001716","C34H28O6","1920864.5"
"531.187107745401","C27H32O11","3151201.8"
"531.200172518837","C24H37O11P","3134820.5"
"531.223477655648","C28H36O10","2141033.5"
"533.057411520168","C23H18O15","2440435.8"
"533.09378268023","C24H22O14","1988859.5"
"533.130123567077","C25H26O13","2795267.3"
"533.143330118152",NA,"1867526"
"533.166456044988","C26H30O12","3174155"
"533.1795306456","C23H35O12P","1710861.9"
"533.195245046124","C28H39O4S2P","2241297.3"
"533.202758714164","C27H34O11","2994962.8"
"533.239094418847","C28H38O10","2245402.5"
"535.036556899678","C22H16O16","1647255.4"
"535.073026096021","C23H20O15","3070111"
"535.109422151059","C24H24O14","2735270.8"
"535.145813150855","C25H28O13","2409646.3"
"535.158999012784",NA,"1758897"
"535.17425804238","C26H33O10P","2320564.3"
"535.182175100031","C26H32O12","3067062"
"535.246671103442","C28H41O8P","1753283.5"
"537.05209311952","C22H18O16","2412091.8"
"537.088490413282","C23H22O15","2665027.3"
"537.116941260996","C24H27O12P","1565257.1"
"537.124931504261","C24H26O14","2430538.8"
"537.15334564703","C25H31O11P","2860624.5"
"537.161381979321","C25H30O13","3616338.3"
"537.189746402302","C26H35O10P","3783256.3"
"537.197810098335","C26H34O12","2557529.8"
"537.226134750109","C27H39O9P","2804831.8"
"537.262488155727","C28H43O8P","1823335.1"
"539.067914292088","C22H20O16","2962392"
"539.104219573863","C23H24O15","2405343.3"
"539.132567882212","C24H29O12P","1485797.1"
"539.140561843742","C24H28O14","2919398.8"
"539.16882970368","C25H33O11P","3269612.5"
"539.176877862736","C25H32O13","2370030"
"539.205195494625","C26H37O10P","4314099.5"
"539.241606296736","C27H41O9P","2798587"
"539.277988213296","C28H45O8P","1813506.5"
"541.062752093923","C28H19O6N2SP","1660263.1"
"541.083488195533","C22H22O16","2682219.3"
"541.119914737929","C23H26O15","2272626.5"
"541.148338737259",NA,"3749240"
"541.156351541141","C24H30O14","2695545.8"
"541.171652749086","C28H30O11","1507196.8"
"541.192768423232","C25H34O13","1619328.9"
"541.202243842904","C36H30O5","1846658.6"
"541.221081168268",NA,"3490182.5"
"541.257333078474","C27H43O9P","1984909.6"
"543.04181475062","C24H16O15","1861865.5"
"543.063313838091","C21H20O17","1918701.8"
"543.078115771357","C25H20O14","1622768.6"
"543.099179989888","C22H24O16","1760500.6"
"543.127581183217",NA,"2500346.3"
"543.150754343212","C27H28O12","1639166.6"
"543.163800885806","C24H33O12P","3572481"
"543.181379127425","C35H28O6","2013956.5"
"543.1870790715","C28H32O11","2026245.6"
"543.200126678061","C25H37O11P","3526408"
"543.236535049692","C26H41O10P","1745679.1"
"545.057183792171","C24H18O15","2623592.5"
"545.093550946331","C25H22O14","2257519.3"
"545.129966386855","C26H26O13","2172022"
"545.143208406967","C23H31O13P","2762872.5"
"545.166440949485","C27H30O12","2205820.8"
"545.179592861664","C24H35O12P","3459199.3"
"545.202893086125","C28H34O11","2732163.8"
"545.215941938382","C25H39O11P","2382982.3"
"545.239317815233","C29H38O10","1746058.5"
"547.072954722974","C24H20O15","2768347.8"
"547.109414989102","C25H24O14","2054626.3"
"547.145805025318","C26H28O13","3405288.8"
"547.159003060577",NA,"2395115.3"
"547.182216392492","C27H32O12","3502575.3"
"547.195258423324","C24H37O12P","1731569.8"
"547.210468306381","C28H37O9P","1587188.5"
"547.218561770625","C28H36O11","2815478"
"547.231517116925","C25H41O11P","1510904.3"
"547.254851764822","C29H40O10","1702396.5"
"549.05230766446","C23H18O16","2084155.8"
"549.088711859145","C24H22O15","2727746"
"549.115784442222","C28H26O6N2S2","1584070.9"
"549.125092261195","C25H26O14","2691912.5"
"549.153422545599","C26H31O11P","1537869.5"
"549.16144126026","C26H30O13","2722638.8"
"549.174885561283","C24H39O8S2P","1601617.1"
"549.189668297889","C27H35O10P","2039635.8"
"549.19776627309","C27H34O12","3167061.3"
"549.226296156759","C18H38O15N4","2346330.3"
"549.234046378225","C28H38O11","2672475.5"
"551.067999644635","C23H20O16","2142869"
"551.104350036487","C24H24O15","3118235"
"551.140682956846","C25H28O14","3168417"
"551.16894479983","C26H33O11P","2834597.8"
"551.176990568134","C26H32O13","3730599.3"
"551.205251076064","C27H37O10P","3167404"
"551.213306318709","C27H36O12","2446509.3"
"551.241813591569","C28H41O9P","2994354"
"551.249630660472","C28H40O11","1582771.4"
"553.047259559283","C22H18O17","1847769.8"
"553.083657173962","C23H22O16","3021279.8"
"553.120407809779","C25H30O10S2","1964005.5"
"553.148311792297","C25H31O12P","2425834"
"553.156295560571","C25H30O14","3128811.3"
"553.192597100476","C26H34O13","2068977.1"
"553.257072034235","C39H38OS","2167291.5"
"555.07814851057","C26H20O14","1679127.9"
"555.098687996","C15H28O18N2S","1733915.1"
"555.127684209329",NA,"2282271.5"
"555.136046196482","C25H32O10S2","1692448.8"
"555.163996666699","C25H33O12P","3632933"
"555.172002879513","C25H32O14","1628966.3"
"555.21774203053","C37H32O5","1612077.3"
"555.236502328725","C27H41O10P","3230512"
"557.093731504137","C26H22O14","1621060.1"
"557.143364599615",NA,"2384971.3"
"557.179700799753","C25H35O12P","3446864.5"
"557.202972229779","C29H34O11","2015827.9"
"557.216022348583",NA,"3206229.8"
"558.005378402796",NA,"1474502.8"
"558.052506234507","C24H17O15N","1510605.4"
"558.070533851801","C17H25O14N3S2","1485520"
"558.4773860749",NA,"1470985.1"
"558.612593113853",NA,"1985820"
"558.735444379265",NA,"1540909"
"558.802640497529",NA,"1588534.4"
"559.072728439637","C25H20O15","1848155.6"
"559.109242697488","C26H24O14","1832288.6"
"559.121801046445","C34H24O6S","1612386.3"
"559.195196107054","C25H37O12P","2182508.5"
"561.052250618227","C24H18O16","1619555.9"
"561.088543179087","C25H22O15","1789032.5"
"561.125263587757","C26H26O14","1577069.3"
"561.161180520558","C27H30O13","2114162"
"561.174336805462","C24H35O13P","2175091.8"
"561.197553406576","C28H34O12","2160758.8"
"561.210667237089","C25H39O12P","1605496.3"
"563.067901147861","C24H20O16","2149217"
"563.104378735273","C25H24O15","2201445.5"
"563.140766969938","C26H28O14","2442601.8"
"563.1771352441","C27H32O13","2355054.3"
"563.213458584571","C28H36O12","2337650.5"
"564.870724768832",NA,"1568821.5"
"565.047058686795","C23H18O17","1921097.6"
"565.08338405404","C24H22O16","1939533.8"
"565.119692114968","C25H26O15","2361425.8"
"565.156114145486","C26H30O14","2430038"
"565.184819550211",NA,"2955353.3"
"565.220834752759","C28H39O10P","2380893.3"
"565.229012159695","C28H38O12","2074718.3"
"565.257339874015","C29H43O9P","2262113.5"
"567.062847707359","C23H20O17","1500454.1"
"567.099253798027","C24H24O16","2523946"
"567.127790958758",NA,"1489197"
"567.135658736667","C25H28O15","2340653.8"
"567.208395452158","C27H36O13","2128181.5"
"567.236659117705","C28H41O10P","2800952.5"
"567.272736949967","C40H40OS","1769788.3"
"569.078455102729","C23H22O17","2042354"
"569.114777750395","C24H26O16","1913845.5"
"569.179429959093","C26H35O12P","3278331.8"
"569.187401259962","C26H34O14","1633788.5"
"569.215730486619","C27H39O11P","3860991.3"
"569.252091823309","C28H43O10P","2227202.8"
"569.288508149637","C29H47O9P","2039814.3"
"571.072774190041","C26H20O15","1962667"
"571.093916371077","C23H24O17","1559212.9"
"571.158844451681","C25H33O13P","3123890.5"
"571.195262052136","C26H37O12P","2603701.8"
"571.231657558683","C27H41O11P","2141881"
"571.267634935181","C39H40O2S","1498812.1"
"573.052188266819","C25H18O16","2071377.9"
"573.138225089593",NA,"1942360.8"
"573.17461117075",NA,"1751387.8"
"573.210957592339",NA,"1610590.6"
"573.234636546678","C30H38O11","1841504.5"
"575.068012177427","C25H20O16","1808362.8"
"575.104835302523","C27H28O10S2","1588205.4"
"575.140771353568","C27H28O14","1462255.9"
"575.153904987195",NA,"1940464.9"
"575.177075610352","C28H32O13","1778674.5"
"575.213398000664","C29H36O12","1940981.1"
"577.083672344547","C25H22O16","2127986"
"577.156303487228","C27H30O14","1977974.5"
"577.192614311752","C28H34O13","1559672.8"
"579.062935751135","C24H20O17","1636069.4"
"579.099264308799","C25H24O16","1722087.3"
"579.135597230083","C26H28O15","1631465.3"
"579.171927415304","C27H32O14","1696491.3"
"579.200540445791",NA,"2051308.8"
"579.208248779205","C28H36O13","1885933.1"
"579.236277796464","C40H36O2S","2965230.8"
"579.340546685637",NA,"1552884.1"
"580.203314393809","C27H35O13N","1509664"
"581.078552593044","C24H22O17","2272585"
"581.115318095282","C26H30O11S2","2143562.8"
"581.151222580948","C26H30O15","2283340.3"
"581.187533454368","C27H34O14","2241358"
"581.224252853484","C28H38O13","2087759.5"
"583.057864027644","C23H20O18","1481113.1"
"583.094265955461","C24H24O17","1789850.4"
"583.158917516333","C26H33O13P","2341276.8"
"583.166917176191","C26H32O15","1588125"
"583.195244168281","C27H37O12P","3334558"
"583.231472165463","C28H41O11P","2974111.3"
"583.267703984645","C29H45O10P","2353568.5"
"585.052267959453","C26H18O16","1527255.8"
"585.073472405072","C23H22O18","1807832.4"
"585.109854257832","C24H26O17","1566169.4"
"585.138356734672",NA,"1667546.1"
"585.211010218663",NA,"3174876"
"585.24727372062","C28H43O11P","1981405"
"586.214254209069","C26H37O14N","1607667.9"
"587.067689959541","C26H20O16","1757700.6"
"587.089316421667","C23H24O18","1602053"
"587.190159964534","C26H37O13P","1951750.8"
"587.213474407532","C30H36O12","1863175.1"
"587.226563157346","C27H41O12P","1470983.4"
"587.26296351766","C28H45O11P","1609480"
"589.083844419824","C29H23O8N2SP","1724958.5"
"589.119724969938","C27H26O15","1654302.8"
"589.156064389212","C28H30O14","1720351.1"
"589.192432050413","C29H34O13","1991199.4"
"589.228805299091","C30H38O12","1914399.6"
"589.241853666793","C38H38O4S","1554463.8"
"591.063324751619","C26H24O12S2","1785893.4"
"591.099322492038","C26H24O16","1880613.3"
"591.172028920986","C28H32O14","1523237.3"
"591.208351369725","C29H36O13","2374181.3"
"591.24509061433","C33H41O4N2SP","1460773"
"593.078251046936","C25H22O17","1991193.1"
"593.114658230765","C26H26O16","1589272.8"
"593.187584584833","C28H34O14","1634840"
"593.21559266137","C40H34O3S","1895959.6"
"593.224028790741","C29H38O13","1616407.5"
"595.167137269828","C27H32O15","1672696"
"595.195074391355","C28H37O12P","1543671.4"
"595.231249476405","C40H36O3S","2774518.5"
"595.26766184407","C41H40O2S","1553397.9"
"597.174300219303","C27H35O13P","1911236"
"597.247294328162","C29H43O11P","2805185.8"
"599.114069535919","C21H33O12N2S2P","1479807"
"599.190111645369","C27H37O13P","1872252"
"599.226373107102","C28H41O12P","2045306.5"
"599.262965498013","C29H45O11P","1484921"
"605.07856093184","C26H22O17","1869364.9"
"605.224072612226","C30H38O13","1532202.6"
"607.166784519488","C28H32O15","1501334.6"
"609.073316452991","C25H22O18","1530099.9"
"613.205933682642","C18H38O19N4","1625443.3"
"613.241960804643","C29H43O12P","1961823.5"
"617.222440064272","C25H47O11S2P","2135729.5"
"621.109826448567","C27H26O17","1857017.9"
"621.146189698387","C28H30O16","1535989.6"
"625.141328065554","C27H30O17","1558066.4"
"627.184823170834","C28H37O14P","1574227.1"
"629.078618413993","C28H22O17","1520268"
"629.236942340354","C29H43O13P","1512827.8"
"632.539581736962",NA,"1451579.3"
"635.234655261326","C31H40O14","1477205.4"
"635.306941986792","C46H40ON2","1533775.6"
"649.21337278327","C44H30O4N2","1634429.6"
"653.209586447532","C41H35O6P","1447722.1"
"667.114684893994","C28H28O19","1559349"
"671.267320920228",NA,"8441651"
"672.270806291342",NA,"3229759"
"673.264580782681","C30H46O13N2S","2739535.3"
"714.896303801185",NA,"1552697.5"
"756.161028377792",NA,"1521867"
"853.542268699405","C58H78OS2","1652330"
"870.980803067906",NA,"1584149.5"
"881.418477631136","C45H70O13S2","1711586.8"
"896.399707919219",NA,"1713798.1"
